ID,target
0,8
1,5
2,8
3,2
4,2
5,1
6,1
7,6
8,6
9,6
10,7
11,9
12,8
13,2
14,3
15,5
16,3
17,9
18,4
19,0
20,9
21,3
22,1
23,1
24,4
25,4
26,1
27,0
28,4
29,7
30,3
31,9
32,4
33,9
34,3
35,5
36,4
37,5
38,2
39,5
40,2
41,0
42,6
43,4
44,4
45,4
46,2
47,5
48,9
49,8
50,1
51,8
52,8
53,9
54,4
55,8
56,9
57,3
58,1
59,5
60,4
61,6
62,4
63,7
64,6
65,2
66,1
67,6
68,4
69,0
70,8
71,9
72,1
73,8
74,8
75,8
76,2
77,0
78,8
79,3
80,1
81,4
82,3
83,5
84,0
85,1
86,1
87,3
88,4
89,3
90,3
91,3
92,9
93,7
94,8
95,4
96,9
97,0
98,9
99,2
100,0
101,2
102,0
103,6
104,7
105,1
106,6
107,4
108,5
109,7
110,7
111,4
112,6
113,2
114,7
115,4
116,9
117,0
118,8
119,7
120,2
121,7
122,3
123,7
124,7
125,5
126,3
127,8
128,1
129,4
130,4
131,8
132,6
133,8
134,6
135,9
136,1
137,6
138,5
139,8
140,1
141,3
142,5
143,7
144,2
145,8
146,3
147,4
148,3
149,4
150,3
151,5
152,4
153,6
154,1
155,2
156,7
157,3
158,8
159,1
160,9
161,1
162,3
163,3
164,4
165,6
166,1
167,1
168,9
169,3
170,3
171,6
172,8
173,4
174,1
175,2
176,0
177,5
178,9
179,9
180,7
181,0
182,7
183,6
184,6
185,1
186,5
187,1
188,9
189,0
190,3
191,4
192,7
193,8
194,2
195,1
196,1
197,0
198,8
199,9
200,4
201,3
202,9
203,9
204,8
205,1
206,1
207,1
208,1
209,0
210,5
211,6
212,2
213,0
214,6
215,0
216,6
217,1
218,8
219,7
220,8
221,4
222,2
223,3
224,3
225,6
226,2
227,9
228,7
229,1
230,2
231,8
232,1
233,1
234,4
235,1
236,5
237,8
238,6
239,9
240,2
241,9
242,7
243,2
244,7
245,7
246,6
247,1
248,4
249,7
250,0
251,9
252,6
253,4
254,8
255,9
256,5
257,7
258,3
259,1
260,2
261,1
262,2
263,5
264,7
265,5
266,5
267,2
268,0
269,1
270,5
271,2
272,8
273,1
274,0
275,4
276,9
277,0
278,4
279,3
280,0
281,0
282,8
283,7
284,4
285,3
286,8
287,8
288,7
289,0
290,6
291,8
292,2
293,5
294,4
295,3
296,4
297,1
298,9
299,3
300,8
301,3
302,9
303,3
304,0
305,8
306,5
307,3
308,5
309,5
310,1
311,2
312,2
313,7
314,8
315,2
316,6
317,3
318,1
319,1
320,5
321,0
322,6
323,9
324,9
325,1
326,8
327,7
328,5
329,9
330,6
331,5
332,0
333,4
334,0
335,3
336,2
337,6
338,7
339,6
340,4
341,6
342,7
343,1
344,3
345,4
346,8
347,9
348,3
349,7
350,5
351,1
352,5
353,3
354,3
355,9
356,6
357,7
358,6
359,9
360,2
361,2
362,9
363,3
364,5
365,7
366,9
367,3
368,9
369,5
370,7
371,7
372,2
373,4
374,5
375,9
376,0
377,0
378,8
379,9
380,6
381,1
382,8
383,1
384,1
385,1
386,1
387,7
388,0
389,0
390,8
391,4
392,4
393,5
394,5
395,3
396,7
397,3
398,3
399,7
400,5
401,9
402,6
403,1
404,7
405,8
406,1
407,5
408,9
409,7
410,9
411,5
412,5
413,7
414,3
415,6
416,6
417,3
418,9
419,9
420,2
421,8
422,8
423,0
424,5
425,6
426,7
427,3
428,6
429,3
430,0
431,4
432,3
433,4
434,0
435,9
436,2
437,2
438,5
439,2
440,2
441,1
442,5
443,7
444,8
445,9
446,2
447,8
448,2
449,3
450,8
451,6
452,9
453,6
454,6
455,0
456,7
457,3
458,3
459,4
460,6
461,0
462,3
463,3
464,2
465,7
466,8
467,1
468,5
469,3
470,5
471,9
472,1
473,1
474,6
475,2
476,7
477,4
478,8
479,5
480,6
481,6
482,8
483,1
484,6
485,5
486,0
487,6
488,8
489,9
490,2
491,3
492,1
493,2
494,4
495,4
496,4
497,6
498,2
499,9
500,3
501,1
502,1
503,0
504,5
505,0
506,2
507,7
508,8
509,3
510,9
511,5
512,3
513,5
514,2
515,7
516,2
517,5
518,9
519,3
520,4
521,8
522,2
523,9
524,9
525,3
526,9
527,0
528,5
529,1
530,8
531,0
532,2
533,1
534,2
535,9
536,9
537,7
538,5
539,0
540,0
541,7
542,5
543,2
544,3
545,8
546,4
547,7
548,4
549,4
550,0
551,4
552,5
553,8
554,8
555,8
556,6
557,1
558,6
559,5
560,7
561,8
562,1
563,1
564,9
565,3
566,7
567,2
568,6
569,8
570,2
571,9
572,1
573,7
574,7
575,8
576,5
577,6
578,9
579,8
580,5
581,3
582,7
583,3
584,0
585,5
586,7
587,7
588,8
589,0
590,7
591,8
592,2
593,4
594,0
595,9
596,8
597,9
598,1
599,8
600,4
601,4
602,1
603,6
604,5
605,5
606,2
607,7
608,0
609,2
610,9
611,9
612,3
613,1
614,4
615,5
616,3
617,3
618,1
619,3
620,3
621,7
622,0
623,5
624,5
625,5
626,8
627,9
628,7
629,6
630,1
631,7
632,7
633,0
634,4
635,3
636,6
637,5
638,8
639,4
640,6
641,9
642,3
643,6
644,1
645,0
646,9
647,6
648,1
649,1
650,4
651,1
652,2
653,5
654,1
655,4
656,9
657,9
658,8
659,8
660,6
661,7
662,3
663,5
664,4
665,6
666,1
667,4
668,2
669,0
670,7
671,1
672,5
673,4
674,8
675,8
676,2
677,2
678,0
679,1
680,2
681,6
682,8
683,7
684,3
685,9
686,6
687,3
688,2
689,4
690,5
691,8
692,2
693,2
694,8
695,7
696,9
697,2
698,8
699,7
700,5
701,7
702,7
703,7
704,3
705,9
706,8
707,8
708,4
709,3
710,3
711,4
712,6
713,6
714,8
715,0
716,2
717,5
718,8
719,1
720,5
721,8
722,1
723,5
724,3
725,0
726,9
727,8
728,2
729,8
730,0
731,9
732,7
733,4
734,6
735,7
736,9
737,1
738,4
739,8
740,7
741,0
742,5
743,2
744,7
745,6
746,4
747,7
748,5
749,1
750,9
751,6
752,6
753,5
754,0
755,7
756,5
757,0
758,2
759,8
760,2
761,1
762,0
763,7
764,2
765,7
766,2
767,8
768,3
769,2
770,3
771,0
772,0
773,2
774,3
775,7
776,9
777,1
778,6
779,4
780,0
781,7
782,7
783,7
784,6
785,5
786,9
787,9
788,0
789,0
790,9
791,7
792,9
793,8
794,8
795,8
796,8
797,3
798,6
799,9
800,5
801,3
802,0
803,4
804,2
805,5
806,9
807,0
808,3
809,8
810,2
811,3
812,8
813,1
814,3
815,1
816,1
817,6
818,7
819,0
820,5
821,1
822,1
823,9
824,8
825,9
826,3
827,5
828,5
829,8
830,1
831,0
832,5
833,6
834,4
835,8
836,0
837,1
838,0
839,7
840,8
841,8
842,1
843,6
844,1
845,4
846,9
847,7
848,3
849,9
850,8
851,3
852,9
853,6
854,7
855,2
856,7
857,8
858,0
859,6
860,3
861,6
862,7
863,4
864,1
865,5
866,2
867,1
868,0
869,9
870,5
871,4
872,2
873,7
874,5
875,2
876,6
877,3
878,8
879,4
880,6
881,0
882,7
883,4
884,8
885,2
886,4
887,3
888,1
889,9
890,9
891,3
892,7
893,3
894,6
895,7
896,9
897,3
898,2
899,2
900,8
901,4
902,6
903,5
904,6
905,3
906,1
907,4
908,9
909,9
910,8
911,0
912,3
913,8
914,1
915,3
916,1
917,0
918,4
919,9
920,3
921,6
922,7
923,5
924,6
925,1
926,0
927,2
928,2
929,2
930,3
931,2
932,8
933,8
934,1
935,1
936,5
937,0
938,2
939,2
940,2
941,9
942,0
943,2
944,4
945,9
946,2
947,6
948,8
949,8
950,9
951,1
952,2
953,7
954,6
955,4
956,0
957,3
958,8
959,9
960,9
961,4
962,1
963,9
964,6
965,1
966,9
967,3
968,4
969,4
970,4
971,8
972,3
973,0
974,3
975,0
976,1
977,7
978,8
979,7
980,4
981,8
982,8
983,7
984,3
985,9
986,7
987,3
988,7
989,9
990,7
991,9
992,1
993,9
994,2
995,6
996,3
997,8
998,7
999,1
1000,7
1001,4
1002,3
1003,3
1004,7
1005,7
1006,1
1007,9
1008,8
1009,4
1010,1
1011,2
1012,2
1013,2
1014,5
1015,0
1016,1
1017,2
1018,7
1019,8
1020,2
1021,0
1022,6
1023,8
1024,4
1025,4
1026,3
1027,1
1028,7
1029,7
1030,4
1031,4
1032,7
1033,5
1034,0
1035,5
1036,0
1037,7
1038,8
1039,2
1040,8
1041,0
1042,1
1043,3
1044,6
1045,3
1046,6
1047,8
1048,8
1049,6
1050,9
1051,7
1052,6
1053,8
1054,3
1055,1
1056,3
1057,0
1058,6
1059,2
1060,8
1061,4
1062,3
1063,3
1064,8
1065,0
1066,6
1067,1
1068,3
1069,6
1070,6
1071,7
1072,8
1073,8
1074,5
1075,1
1076,4
1077,5
1078,9
1079,3
1080,6
1081,9
1082,6
1083,8
1084,1
1085,5
1086,9
1087,9
1088,5
1089,9
1090,9
1091,2
1092,4
1093,4
1094,4
1095,6
1096,2
1097,5
1098,1
1099,9
1100,1
1101,0
1102,0
1103,6
1104,9
1105,8
1106,8
1107,9
1108,4
1109,7
1110,6
1111,6
1112,2
1113,1
1114,9
1115,2
1116,7
1117,5
1118,9
1119,8
1120,4
1121,9
1122,6
1123,8
1124,8
1125,2
1126,1
1127,7
1128,1
1129,5
1130,1
1131,4
1132,0
1133,0
1134,7
1135,3
1136,7
1137,6
1138,9
1139,6
1140,9
1141,1
1142,5
1143,6
1144,0
1145,7
1146,0
1147,5
1148,5
1149,0
1150,7
1151,1
1152,4
1153,2
1154,9
1155,5
1156,8
1157,5
1158,9
1159,5
1160,2
1161,1
1162,6
1163,4
1164,4
1165,4
1166,6
1167,8
1168,0
1169,2
1170,7
1171,1
1172,0
1173,5
1174,1
1175,4
1176,1
1177,0
1178,3
1179,2
1180,5
1181,6
1182,9
1183,8
1184,6
1185,3
1186,5
1187,5
1188,2
1189,9
1190,0
1191,2
1192,0
1193,2
1194,7
1195,1
1196,5
1197,5
1198,6
1199,7
1200,8
1201,0
1202,1
1203,8
1204,7
1205,7
1206,1
1207,2
1208,7
1209,0
1210,9
1211,5
1212,4
1213,4
1214,9
1215,4
1216,6
1217,9
1218,5
1219,2
1220,3
1221,6
1222,0
1223,1
1224,1
1225,5
1226,0
1227,6
1228,6
1229,8
1230,1
1231,3
1232,6
1233,4
1234,8
1235,8
1236,2
1237,3
1238,9
1239,8
1240,0
1241,4
1242,3
1243,5
1244,0
1245,8
1246,4
1247,6
1248,7
1249,9
1250,5
1251,8
1252,4
1253,0
1254,3
1255,3
1256,7
1257,4
1258,7
1259,4
1260,6
1261,6
1262,6
1263,0
1264,0
1265,3
1266,6
1267,7
1268,6
1269,2
1270,3
1271,5
1272,2
1273,2
1274,6
1275,1
1276,8
1277,7
1278,8
1279,2
1280,0
1281,2
1282,6
1283,7
1284,2
1285,6
1286,3
1287,1
1288,8
1289,5
1290,0
1291,2
1292,8
1293,4
1294,0
1295,3
1296,1
1297,0
1298,5
1299,6
1300,2
1301,1
1302,3
1303,6
1304,0
1305,3
1306,1
1307,4
1308,2
1309,2
1310,0
1311,4
1312,7
1313,9
1314,2
1315,2
1316,3
1317,9
1318,1
1319,4
1320,6
1321,8
1322,9
1323,6
1324,0
1325,5
1326,3
1327,1
1328,3
1329,3
1330,4
1331,6
1332,7
1333,4
1334,1
1335,4
1336,0
1337,6
1338,4
1339,6
1340,2
1341,0
1342,9
1343,8
1344,2
1345,2
1346,1
1347,0
1348,3
1349,5
1350,1
1351,9
1352,1
1353,9
1354,2
1355,9
1356,9
1357,8
1358,9
1359,8
1360,2
1361,0
1362,5
1363,0
1364,7
1365,9
1366,0
1367,4
1368,3
1369,9
1370,7
1371,0
1372,8
1373,3
1374,1
1375,9
1376,3
1377,8
1378,5
1379,5
1380,6
1381,6
1382,2
1383,8
1384,5
1385,6
1386,5
1387,3
1388,5
1389,2
1390,2
1391,5
1392,5
1393,6
1394,5
1395,1
1396,1
1397,4
1398,6
1399,3
1400,3
1401,1
1402,3
1403,5
1404,9
1405,9
1406,2
1407,2
1408,1
1409,2
1410,2
1411,6
1412,9
1413,8
1414,2
1415,4
1416,3
1417,2
1418,0
1419,5
1420,2
1421,3
1422,6
1423,7
1424,5
1425,2
1426,7
1427,5
1428,2
1429,4
1430,7
1431,5
1432,8
1433,1
1434,9
1435,9
1436,1
1437,0
1438,5
1439,7
1440,3
1441,9
1442,9
1443,7
1444,4
1445,5
1446,5
1447,9
1448,5
1449,4
1450,8
1451,6
1452,8
1453,4
1454,3
1455,8
1456,7
1457,5
1458,7
1459,9
1460,6
1461,1
1462,2
1463,2
1464,6
1465,9
1466,1
1467,4
1468,2
1469,9
1470,8
1471,8
1472,6
1473,4
1474,9
1475,4
1476,2
1477,3
1478,4
1479,1
1480,3
1481,6
1482,8
1483,6
1484,6
1485,7
1486,8
1487,5
1488,4
1489,5
1490,9
1491,8
1492,2
1493,9
1494,3
1495,1
1496,2
1497,6
1498,1
1499,7
1500,2
1501,5
1502,4
1503,8
1504,6
1505,8
1506,1
1507,3
1508,7
1509,1
1510,2
1511,2
1512,7
1513,0
1514,3
1515,9
1516,9
1517,3
1518,1
1519,8
1520,3
1521,6
1522,7
1523,1
1524,9
1525,6
1526,5
1527,6
1528,9
1529,0
1530,7
1531,7
1532,9
1533,4
1534,6
1535,9
1536,0
1537,7
1538,2
1539,3
1540,9
1541,9
1542,3
1543,4
1544,0
1545,1
1546,8
1547,8
1548,0
1549,0
1550,2
1551,5
1552,6
1553,7
1554,4
1555,9
1556,2
1557,1
1558,1
1559,8
1560,7
1561,0
1562,5
1563,9
1564,7
1565,0
1566,2
1567,6
1568,8
1569,3
1570,5
1571,0
1572,2
1573,7
1574,1
1575,2
1576,8
1577,3
1578,8
1579,2
1580,4
1581,7
1582,4
1583,0
1584,8
1585,7
1586,8
1587,2
1588,6
1589,4
1590,0
1591,4
1592,4
1593,2
1594,1
1595,9
1596,2
1597,7
1598,7
1599,1
1600,1
1601,0
1602,5
1603,7
1604,4
1605,8
1606,4
1607,2
1608,2
1609,0
1610,6
1611,1
1612,3
1613,1
1614,2
1615,4
1616,9
1617,2
1618,3
1619,3
1620,3
1621,0
1622,4
1623,4
1624,3
1625,1
1626,7
1627,3
1628,1
1629,1
1630,3
1631,3
1632,0
1633,1
1634,3
1635,1
1636,9
1637,6
1638,3
1639,0
1640,9
1641,1
1642,0
1643,1
1644,4
1645,5
1646,7
1647,2
1648,4
1649,1
1650,8
1651,6
1652,8
1653,2
1654,7
1655,8
1656,8
1657,8
1658,7
1659,0
1660,4
1661,3
1662,6
1663,0
1664,2
1665,6
1666,3
1667,4
1668,7
1669,9
1670,9
1671,3
1672,9
1673,2
1674,9
1675,0
1676,2
1677,9
1678,8
1679,2
1680,9
1681,4
1682,8
1683,0
1684,4
1685,5
1686,0
1687,4
1688,5
1689,5
1690,5
1691,2
1692,9
1693,3
1694,1
1695,0
1696,3
1697,4
1698,6
1699,0
1700,6
1701,4
1702,8
1703,1
1704,7
1705,7
1706,8
1707,3
1708,9
1709,6
1710,6
1711,6
1712,4
1713,5
1714,5
1715,2
1716,2
1717,2
1718,9
1719,8
1720,8
1721,8
1722,6
1723,1
1724,8
1725,2
1726,7
1727,0
1728,4
1729,0
1730,0
1731,5
1732,6
1733,0
1734,2
1735,4
1736,3
1737,6
1738,5
1739,5
1740,7
1741,0
1742,7
1743,1
1744,3
1745,5
1746,7
1747,6
1748,5
1749,4
1750,8
1751,9
1752,5
1753,6
1754,3
1755,9
1756,3
1757,4
1758,9
1759,9
1760,7
1761,6
1762,1
1763,9
1764,8
1765,1
1766,8
1767,4
1768,0
1769,2
1770,0
1771,5
1772,5
1773,5
1774,7
1775,2
1776,3
1777,1
1778,3
1779,3
1780,5
1781,5
1782,6
1783,9
1784,0
1785,0
1786,4
1787,8
1788,6
1789,9
1790,9
1791,1
1792,8
1793,3
1794,2
1795,4
1796,9
1797,2
1798,9
1799,2
1800,4
1801,2
1802,2
1803,0
1804,8
1805,7
1806,3
1807,7
1808,2
1809,4
1810,0
1811,7
1812,5
1813,8
1814,5
1815,0
1816,1
1817,8
1818,4
1819,2
1820,8
1821,3
1822,4
1823,8
1824,8
1825,1
1826,4
1827,1
1828,6
1829,0
1830,1
1831,5
1832,9
1833,6
1834,5
1835,1
1836,6
1837,9
1838,7
1839,2
1840,3
1841,0
1842,9
1843,0
1844,8
1845,4
1846,9
1847,2
1848,1
1849,2
1850,6
1851,2
1852,6
1853,0
1854,6
1855,4
1856,9
1857,4
1858,9
1859,0
1860,9
1861,1
1862,7
1863,8
1864,2
1865,3
1866,0
1867,6
1868,5
1869,8
1870,3
1871,1
1872,1
1873,8
1874,0
1875,1
1876,0
1877,8
1878,0
1879,9
1880,7
1881,4
1882,2
1883,2
1884,9
1885,2
1886,7
1887,5
1888,5
1889,6
1890,3
1891,3
1892,2
1893,0
1894,1
1895,1
1896,7
1897,8
1898,6
1899,7
1900,1
1901,6
1902,0
1903,7
1904,9
1905,9
1906,4
1907,2
1908,3
1909,8
1910,6
1911,7
1912,8
1913,6
1914,1
1915,3
1916,9
1917,3
1918,5
1919,5
1920,4
1921,3
1922,4
1923,6
1924,2
1925,1
1926,1
1927,3
1928,1
1929,9
1930,6
1931,4
1932,4
1933,0
1934,1
1935,1
1936,5
1937,9
1938,8
1939,4
1940,9
1941,3
1942,0
1943,7
1944,4
1945,9
1946,5
1947,3
1948,7
1949,4
1950,5
1951,2
1952,7
1953,2
1954,7
1955,9
1956,0
1957,5
1958,6
1959,5
1960,5
1961,5
1962,9
1963,7
1964,7
1965,5
1966,1
1967,3
1968,7
1969,4
1970,5
1971,8
1972,9
1973,8
1974,6
1975,5
1976,5
1977,9
1978,4
1979,5
1980,5
1981,4
1982,3
1983,6
1984,6
1985,8
1986,7
1987,6
1988,0
1989,3
1990,2
1991,7
1992,7
1993,6
1994,0
1995,5
1996,9
1997,7
1998,7
1999,0
2000,6
2001,8
2002,2
2003,4
2004,4
2005,5
2006,5
2007,6
2008,9
2009,0
2010,4
2011,2
2012,8
2013,7
2014,2
2015,7
2016,9
2017,3
2018,4
2019,2
2020,1
2021,5
2022,5
2023,8
2024,6
2025,1
2026,4
2027,0
2028,4
2029,8
2030,6
2031,1
2032,0
2033,3
2034,3
2035,4
2036,8
2037,5
2038,2
2039,0
2040,8
2041,2
2042,3
2043,9
2044,9
2045,1
2046,3
2047,3
2048,5
2049,2
2050,8
2051,4
2052,2
2053,2
2054,8
2055,8
2056,0
2057,3
2058,6
2059,1
2060,5
2061,2
2062,1
2063,4
2064,0
2065,8
2066,8
2067,3
2068,1
2069,6
2070,6
2071,3
2072,9
2073,5
2074,9
2075,0
2076,3
2077,5
2078,7
2079,8
2080,7
2081,2
2082,8
2083,1
2084,5
2085,3
2086,7
2087,6
2088,8
2089,5
2090,3
2091,9
2092,7
2093,7
2094,2
2095,5
2096,2
2097,9
2098,7
2099,4
2100,3
2101,9
2102,6
2103,8
2104,8
2105,5
2106,1
2107,6
2108,4
2109,1
2110,0
2111,7
2112,1
2113,5
2114,8
2115,1
2116,4
2117,3
2118,4
2119,6
2120,8
2121,7
2122,7
2123,9
2124,7
2125,3
2126,8
2127,3
2128,7
2129,0
2130,1
2131,6
2132,5
2133,6
2134,9
2135,3
2136,1
2137,9
2138,4
2139,5
2140,4
2141,5
2142,2
2143,3
2144,1
2145,5
2146,1
2147,5
2148,2
2149,8
2150,5
2151,6
2152,5
2153,6
2154,9
2155,8
2156,0
2157,8
2158,5
2159,3
2160,0
2161,7
2162,5
2163,5
2164,5
2165,8
2166,8
2167,6
2168,0
2169,3
2170,6
2171,0
2172,1
2173,5
2174,1
2175,5
2176,7
2177,2
2178,7
2179,3
2180,7
2181,2
2182,3
2183,2
2184,0
2185,9
2186,0
2187,9
2188,1
2189,7
2190,8
2191,0
2192,4
2193,9
2194,1
2195,3
2196,2
2197,0
2198,7
2199,4
2200,9
2201,6
2202,2
2203,9
2204,6
2205,8
2206,9
2207,3
2208,5
2209,7
2210,2
2211,3
2212,3
2213,7
2214,6
2215,2
2216,7
2217,5
2218,1
2219,7
2220,1
2221,0
2222,6
2223,4
2224,1
2225,0
2226,4
2227,0
2228,5
2229,0
2230,7
2231,8
2232,1
2233,1
2234,5
2235,6
2236,2
2237,5
2238,6
2239,8
2240,6
2241,0
2242,7
2243,1
2244,3
2245,8
2246,7
2247,0
2248,7
2249,1
2250,4
2251,3
2252,0
2253,3
2254,0
2255,3
2256,8
2257,5
2258,9
2259,9
2260,9
2261,0
2262,6
2263,4
2264,8
2265,0
2266,1
2267,1
2268,4
2269,0
2270,4
2271,9
2272,6
2273,3
2274,6
2275,2
2276,2
2277,5
2278,9
2279,5
2280,6
2281,4
2282,4
2283,4
2284,9
2285,1
2286,2
2287,1
2288,4
2289,5
2290,5
2291,6
2292,7
2293,3
2294,0
2295,0
2296,0
2297,1
2298,5
2299,1
2300,9
2301,2
2302,2
2303,5
2304,1
2305,3
2306,7
2307,1
2308,7
2309,3
2310,8
2311,8
2312,3
2313,0
2314,1
2315,4
2316,8
2317,3
2318,8
2319,9
2320,0
2321,2
2322,3
2323,4
2324,9
2325,2
2326,6
2327,6
2328,1
2329,8
2330,5
2331,5
2332,8
2333,3
2334,2
2335,7
2336,5
2337,4
2338,6
2339,0
2340,8
2341,5
2342,6
2343,5
2344,9
2345,0
2346,5
2347,0
2348,9
2349,0
2350,6
2351,7
2352,2
2353,4
2354,2
2355,5
2356,0
2357,7
2358,3
2359,4
2360,7
2361,1
2362,1
2363,0
2364,8
2365,1
2366,1
2367,7
2368,7
2369,9
2370,4
2371,9
2372,0
2373,8
2374,7
2375,2
2376,1
2377,6
2378,0
2379,9
2380,4
2381,2
2382,7
2383,4
2384,5
2385,2
2386,8
2387,0
2388,6
2389,3
2390,7
2391,4
2392,6
2393,3
2394,4
2395,1
2396,2
2397,8
2398,7
2399,0
2400,7
2401,7
2402,9
2403,2
2404,9
2405,8
2406,9
2407,6
2408,8
2409,1
2410,4
2411,2
2412,0
2413,1
2414,0
2415,5
2416,8
2417,3
2418,4
2419,1
2420,3
2421,1
2422,3
2423,0
2424,3
2425,7
2426,5
2427,7
2428,7
2429,1
2430,1
2431,3
2432,2
2433,0
2434,2
2435,2
2436,9
2437,1
2438,3
2439,5
2440,7
2441,8
2442,6
2443,9
2444,1
2445,7
2446,2
2447,2
2448,2
2449,2
2450,7
2451,3
2452,2
2453,4
2454,7
2455,7
2456,2
2457,2
2458,0
2459,9
2460,0
2461,6
2462,0
2463,4
2464,6
2465,5
2466,5
2467,2
2468,0
2469,0
2470,1
2471,9
2472,4
2473,3
2474,0
2475,3
2476,7
2477,8
2478,8
2479,7
2480,0
2481,6
2482,3
2483,1
2484,2
2485,7
2486,1
2487,2
2488,9
2489,4
2490,1
2491,4
2492,3
2493,3
2494,4
2495,5
2496,4
2497,2
2498,5
2499,1
2500,1
2501,3
2502,1
2503,8
2504,2
2505,3
2506,1
2507,0
2508,6
2509,7
2510,0
2511,9
2512,7
2513,6
2514,0
2515,0
2516,4
2517,8
2518,3
2519,0
2520,1
2521,8
2522,4
2523,6
2524,1
2525,8
2526,8
2527,1
2528,2
2529,2
2530,3
2531,2
2532,0
2533,6
2534,5
2535,9
2536,9
2537,9
2538,3
2539,8
2540,0
2541,4
2542,9
2543,0
2544,4
2545,4
2546,7
2547,0
2548,3
2549,8
2550,2
2551,2
2552,6
2553,7
2554,5
2555,7
2556,8
2557,1
2558,6
2559,2
2560,8
2561,5
2562,8
2563,6
2564,4
2565,8
2566,1
2567,7
2568,4
2569,7
2570,2
2571,5
2572,1
2573,7
2574,4
2575,9
2576,1
2577,3
2578,4
2579,7
2580,9
2581,0
2582,1
2583,4
2584,1
2585,9
2586,3
2587,2
2588,8
2589,3
2590,7
2591,9
2592,5
2593,9
2594,6
2595,1
2596,2
2597,8
2598,7
2599,6
2600,4
2601,0
2602,4
2603,1
2604,6
2605,6
2606,9
2607,2
2608,0
2609,3
2610,6
2611,5
2612,2
2613,1
2614,9
2615,3
2616,7
2617,2
2618,0
2619,9
2620,3
2621,7
2622,1
2623,0
2624,9
2625,7
2626,5
2627,8
2628,0
2629,1
2630,7
2631,8
2632,5
2633,8
2634,3
2635,4
2636,3
2637,3
2638,8
2639,6
2640,4
2641,4
2642,2
2643,0
2644,2
2645,1
2646,8
2647,0
2648,0
2649,6
2650,4
2651,5
2652,6
2653,0
2654,4
2655,4
2656,1
2657,2
2658,6
2659,8
2660,1
2661,6
2662,7
2663,0
2664,1
2665,3
2666,9
2667,5
2668,1
2669,6
2670,0
2671,9
2672,9
2673,5
2674,1
2675,6
2676,4
2677,3
2678,2
2679,7
2680,6
2681,0
2682,2
2683,1
2684,2
2685,1
2686,6
2687,7
2688,0
2689,4
2690,3
2691,6
2692,1
2693,0
2694,4
2695,1
2696,8
2697,8
2698,1
2699,8
2700,9
2701,1
2702,0
2703,2
2704,9
2705,4
2706,9
2707,4
2708,1
2709,8
2710,4
2711,0
2712,1
2713,2
2714,8
2715,4
2716,8
2717,4
2718,4
2719,4
2720,7
2721,3
2722,8
2723,1
2724,0
2725,7
2726,7
2727,3
2728,0
2729,6
2730,0
2731,3
2732,2
2733,4
2734,0
2735,5
2736,0
2737,3
2738,7
2739,9
2740,2
2741,6
2742,9
2743,3
2744,7
2745,2
2746,5
2747,9
2748,9
2749,5
2750,2
2751,0
2752,0
2753,6
2754,1
2755,5
2756,9
2757,1
2758,6
2759,0
2760,9
2761,6
2762,8
2763,7
2764,3
2765,5
2766,4
2767,3
2768,0
2769,2
2770,2
2771,4
2772,3
2773,5
2774,1
2775,5
2776,4
2777,8
2778,1
2779,7
2780,0
2781,9
2782,1
2783,2
2784,5
2785,5
2786,2
2787,6
2788,4
2789,8
2790,0
2791,3
2792,8
2793,2
2794,0
2795,8
2796,1
2797,0
2798,1
2799,9
2800,6
2801,5
2802,5
2803,1
2804,5
2805,7
2806,1
2807,6
2808,5
2809,1
2810,2
2811,8
2812,8
2813,6
2814,1
2815,1
2816,0
2817,2
2818,5
2819,3
2820,5
2821,0
2822,9
2823,0
2824,0
2825,9
2826,8
2827,2
2828,7
2829,6
2830,5
2831,0
2832,7
2833,9
2834,1
2835,9
2836,0
2837,2
2838,0
2839,0
2840,0
2841,8
2842,6
2843,8
2844,7
2845,7
2846,4
2847,5
2848,7
2849,0
2850,4
2851,6
2852,1
2853,4
2854,7
2855,1
2856,8
2857,4
2858,7
2859,1
2860,0
2861,9
2862,8
2863,2
2864,1
2865,6
2866,5
2867,1
2868,4
2869,2
2870,6
2871,9
2872,7
2873,2
2874,8
2875,5
2876,6
2877,1
2878,3
2879,3
2880,1
2881,9
2882,9
2883,5
2884,7
2885,9
2886,8
2887,8
2888,9
2889,6
2890,8
2891,9
2892,3
2893,7
2894,1
2895,2
2896,8
2897,9
2898,2
2899,2
2900,9
2901,1
2902,3
2903,5
2904,3
2905,8
2906,8
2907,1
2908,3
2909,3
2910,9
2911,8
2912,5
2913,6
2914,8
2915,0
2916,5
2917,3
2918,7
2919,6
2920,4
2921,5
2922,1
2923,7
2924,7
2925,1
2926,6
2927,3
2928,6
2929,9
2930,4
2931,7
2932,8
2933,1
2934,2
2935,0
2936,7
2937,4
2938,9
2939,3
2940,7
2941,6
2942,0
2943,1
2944,8
2945,3
2946,9
2947,7
2948,1
2949,5
2950,9
2951,0
2952,7
2953,6
2954,8
2955,0
2956,1
2957,9
2958,6
2959,9
2960,0
2961,8
2962,6
2963,8
2964,4
2965,2
2966,0
2967,4
2968,4
2969,8
2970,3
2971,9
2972,7
2973,5
2974,2
2975,9
2976,6
2977,3
2978,7
2979,7
2980,6
2981,3
2982,5
2983,4
2984,3
2985,9
2986,8
2987,4
2988,9
2989,0
2990,6
2991,0
2992,0
2993,5
2994,5
2995,0
2996,6
2997,5
2998,2
2999,1
3000,5
3001,4
3002,4
3003,6
3004,7
3005,8
3006,0
3007,8
3008,9
3009,8
3010,5
3011,2
3012,1
3013,1
3014,6
3015,9
3016,1
3017,1
3018,4
3019,6
3020,4
3021,8
3022,6
3023,7
3024,9
3025,1
3026,1
3027,9
3028,3
3029,3
3030,4
3031,1
3032,0
3033,5
3034,0
3035,6
3036,9
3037,2
3038,2
3039,8
3040,2
3041,7
3042,3
3043,3
3044,9
3045,0
3046,6
3047,0
3048,1
3049,7
3050,8
3051,2
3052,6
3053,8
3054,5
3055,1
3056,5
3057,2
3058,4
3059,4
3060,2
3061,6
3062,6
3063,8
3064,0
3065,2
3066,6
3067,1
3068,3
3069,2
3070,2
3071,8
3072,1
3073,7
3074,3
3075,5
3076,4
3077,6
3078,9
3079,0
3080,0
3081,9
3082,3
3083,4
3084,4
3085,4
3086,6
3087,3
3088,2
3089,5
3090,6
3091,3
3092,1
3093,6
3094,0
3095,3
3096,1
3097,9
3098,1
3099,8
3100,3
3101,4
3102,6
3103,8
3104,6
3105,8
3106,9
3107,5
3108,2
3109,4
3110,1
3111,9
3112,0
3113,4
3114,9
3115,1
3116,4
3117,7
3118,8
3119,1
3120,7
3121,3
3122,6
3123,1
3124,1
3125,2
3126,1
3127,3
3128,1
3129,7
3130,2
3131,2
3132,6
3133,6
3134,5
3135,7
3136,1
3137,9
3138,1
3139,9
3140,6
3141,2
3142,1
3143,2
3144,4
3145,8
3146,3
3147,3
3148,5
3149,3
3150,2
3151,0
3152,5
3153,1
3154,9
3155,6
3156,4
3157,2
3158,2
3159,2
3160,7
3161,5
3162,3
3163,1
3164,6
3165,0
3166,2
3167,1
3168,1
3169,0
3170,5
3171,1
3172,4
3173,3
3174,9
3175,3
3176,8
3177,7
3178,2
3179,2
3180,7
3181,3
3182,5
3183,5
3184,4
3185,2
3186,3
3187,7
3188,6
3189,2
3190,3
3191,6
3192,3
3193,8
3194,3
3195,5
3196,6
3197,7
3198,0
3199,9
3200,2
3201,4
3202,7
3203,8
3204,9
3205,9
3206,1
3207,3
3208,0
3209,7
3210,9
3211,7
3212,7
3213,8
3214,1
3215,8
3216,4
3217,2
3218,9
3219,1
3220,4
3221,7
3222,8
3223,0
3224,4
3225,8
3226,6
3227,6
3228,6
3229,6
3230,3
3231,1
3232,7
3233,9
3234,4
3235,1
3236,2
3237,9
3238,5
3239,2
3240,0
3241,2
3242,8
3243,0
3244,4
3245,1
3246,9
3247,1
3248,9
3249,8
3250,7
3251,4
3252,2
3253,1
3254,7
3255,7
3256,5
3257,6
3258,1
3259,5
3260,8
3261,3
3262,5
3263,3
3264,1
3265,7
3266,8
3267,4
3268,4
3269,9
3270,6
3271,0
3272,9
3273,2
3274,3
3275,2
3276,5
3277,3
3278,7
3279,9
3280,2
3281,1
3282,3
3283,5
3284,8
3285,5
3286,0
3287,4
3288,2
3289,4
3290,0
3291,7
3292,5
3293,3
3294,7
3295,0
3296,6
3297,9
3298,0
3299,7
3300,1
3301,2
3302,0
3303,7
3304,9
3305,6
3306,6
3307,1
3308,2
3309,5
3310,2
3311,0
3312,6
3313,0
3314,7
3315,3
3316,8
3317,7
3318,1
3319,3
3320,8
3321,1
3322,0
3323,9
3324,7
3325,8
3326,6
3327,4
3328,0
3329,1
3330,2
3331,8
3332,7
3333,6
3334,3
3335,4
3336,0
3337,0
3338,4
3339,1
3340,2
3341,8
3342,8
3343,9
3344,3
3345,5
3346,1
3347,4
3348,0
3349,0
3350,0
3351,6
3352,0
3353,8
3354,3
3355,2
3356,1
3357,9
3358,1
3359,3
3360,4
3361,7
3362,4
3363,2
3364,9
3365,2
3366,0
3367,3
3368,2
3369,0
3370,0
3371,0
3372,2
3373,4
3374,1
3375,2
3376,9
3377,7
3378,3
3379,1
3380,3
3381,5
3382,9
3383,3
3384,0
3385,1
3386,1
3387,1
3388,8
3389,9
3390,5
3391,5
3392,2
3393,3
3394,5
3395,0
3396,7
3397,0
3398,4
3399,6
3400,7
3401,2
3402,4
3403,2
3404,7
3405,0
3406,1
3407,7
3408,8
3409,1
3410,2
3411,0
3412,6
3413,1
3414,3
3415,9
3416,6
3417,1
3418,1
3419,3
3420,6
3421,2
3422,3
3423,2
3424,5
3425,4
3426,4
3427,9
3428,6
3429,1
3430,1
3431,4
3432,4
3433,4
3434,4
3435,8
3436,8
3437,2
3438,2
3439,4
3440,7
3441,7
3442,8
3443,8
3444,3
3445,1
3446,7
3447,1
3448,2
3449,9
3450,9
3451,8
3452,9
3453,9
3454,3
3455,0
3456,2
3457,2
3458,6
3459,3
3460,7
3461,9
3462,6
3463,8
3464,8
3465,0
3466,9
3467,5
3468,9
3469,7
3470,2
3471,0
3472,2
3473,4
3474,1
3475,1
3476,8
3477,0
3478,1
3479,0
3480,0
3481,4
3482,9
3483,4
3484,4
3485,7
3486,5
3487,8
3488,4
3489,2
3490,6
3491,4
3492,1
3493,4
3494,1
3495,4
3496,9
3497,4
3498,8
3499,5
3500,6
3501,8
3502,3
3503,3
3504,6
3505,5
3506,7
3507,1
3508,8
3509,0
3510,1
3511,3
3512,8
3513,0
3514,6
3515,8
3516,3
3517,7
3518,8
3519,1
3520,4
3521,8
3522,0
3523,6
3524,0
3525,7
3526,9
3527,8
3528,4
3529,8
3530,0
3531,2
3532,7
3533,4
3534,1
3535,4
3536,7
3537,8
3538,6
3539,9
3540,1
3541,7
3542,6
3543,0
3544,3
3545,0
3546,0
3547,9
3548,4
3549,4
3550,7
3551,8
3552,5
3553,2
3554,3
3555,2
3556,2
3557,7
3558,0
3559,4
3560,2
3561,6
3562,0
3563,0
3564,2
3565,2
3566,1
3567,2
3568,8
3569,6
3570,3
3571,4
3572,1
3573,8
3574,5
3575,7
3576,4
3577,0
3578,9
3579,7
3580,5
3581,3
3582,3
3583,3
3584,2
3585,2
3586,6
3587,5
3588,6
3589,8
3590,9
3591,1
3592,7
3593,0
3594,4
3595,4
3596,7
3597,5
3598,9
3599,7
3600,9
3601,1
3602,5
3603,6
3604,2
3605,2
3606,1
3607,9
3608,8
3609,3
3610,4
3611,5
3612,1
3613,1
3614,4
3615,8
3616,1
3617,0
3618,5
3619,3
3620,9
3621,8
3622,3
3623,2
3624,4
3625,1
3626,7
3627,6
3628,2
3629,0
3630,7
3631,1
3632,2
3633,4
3634,8
3635,6
3636,6
3637,4
3638,5
3639,0
3640,8
3641,4
3642,7
3643,9
3644,6
3645,1
3646,8
3647,2
3648,5
3649,1
3650,8
3651,5
3652,3
3653,8
3654,0
3655,4
3656,6
3657,6
3658,7
3659,7
3660,1
3661,5
3662,0
3663,6
3664,8
3665,7
3666,7
3667,6
3668,4
3669,5
3670,4
3671,1
3672,2
3673,7
3674,8
3675,1
3676,6
3677,3
3678,9
3679,1
3680,9
3681,0
3682,1
3683,1
3684,4
3685,9
3686,6
3687,6
3688,0
3689,4
3690,7
3691,4
3692,3
3693,2
3694,1
3695,7
3696,6
3697,0
3698,3
3699,0
3700,2
3701,9
3702,8
3703,8
3704,1
3705,0
3706,3
3707,6
3708,5
3709,0
3710,0
3711,6
3712,8
3713,2
3714,1
3715,9
3716,0
3717,5
3718,7
3719,2
3720,6
3721,2
3722,7
3723,3
3724,0
3725,4
3726,9
3727,1
3728,5
3729,5
3730,8
3731,8
3732,2
3733,3
3734,7
3735,4
3736,1
3737,7
3738,3
3739,3
3740,7
3741,2
3742,2
3743,9
3744,5
3745,5
3746,0
3747,4
3748,4
3749,7
3750,1
3751,1
3752,8
3753,1
3754,5
3755,4
3756,1
3757,4
3758,2
3759,7
3760,3
3761,3
3762,2
3763,0
3764,0
3765,5
3766,6
3767,6
3768,2
3769,1
3770,9
3771,1
3772,9
3773,9
3774,8
3775,8
3776,6
3777,6
3778,6
3779,1
3780,6
3781,3
3782,2
3783,5
3784,4
3785,4
3786,5
3787,5
3788,9
3789,4
3790,4
3791,7
3792,9
3793,9
3794,1
3795,7
3796,3
3797,5
3798,8
3799,4
3800,0
3801,2
3802,1
3803,0
3804,7
3805,3
3806,8
3807,7
3808,0
3809,4
3810,4
3811,9
3812,1
3813,5
3814,3
3815,8
3816,3
3817,8
3818,3
3819,5
3820,5
3821,9
3822,5
3823,0
3824,5
3825,9
3826,0
3827,9
3828,5
3829,1
3830,6
3831,6
3832,5
3833,8
3834,4
3835,6
3836,3
3837,9
3838,5
3839,5
3840,8
3841,7
3842,5
3843,8
3844,5
3845,3
3846,8
3847,0
3848,1
3849,5
3850,4
3851,8
3852,7
3853,6
3854,9
3855,7
3856,3
3857,6
3858,2
3859,5
3860,9
3861,8
3862,3
3863,2
3864,0
3865,8
3866,2
3867,8
3868,1
3869,9
3870,2
3871,1
3872,6
3873,2
3874,0
3875,9
3876,4
3877,5
3878,2
3879,8
3880,9
3881,2
3882,3
3883,4
3884,0
3885,8
3886,0
3887,5
3888,2
3889,1
3890,1
3891,1
3892,4
3893,4
3894,3
3895,6
3896,2
3897,4
3898,9
3899,4
3900,8
3901,8
3902,9
3903,1
3904,5
3905,6
3906,1
3907,0
3908,2
3909,4
3910,1
3911,7
3912,6
3913,0
3914,4
3915,7
3916,3
3917,6
3918,0
3919,2
3920,5
3921,6
3922,2
3923,9
3924,8
3925,2
3926,1
3927,1
3928,2
3929,3
3930,3
3931,7
3932,0
3933,2
3934,1
3935,2
3936,6
3937,2
3938,4
3939,2
3940,0
3941,1
3942,9
3943,3
3944,3
3945,2
3946,2
3947,2
3948,4
3949,8
3950,8
3951,3
3952,6
3953,3
3954,9
3955,7
3956,8
3957,7
3958,3
3959,7
3960,6
3961,4
3962,4
3963,9
3964,4
3965,5
3966,4
3967,5
3968,6
3969,4
3970,3
3971,2
3972,1
3973,3
3974,2
3975,7
3976,6
3977,9
3978,8
3979,1
3980,4
3981,8
3982,3
3983,6
3984,3
3985,4
3986,4
3987,3
3988,9
3989,1
3990,6
3991,1
3992,7
3993,6
3994,2
3995,7
3996,5
3997,5
3998,9
3999,3
4000,6
4001,6
4002,6
4003,6
4004,4
4005,4
4006,6
4007,9
4008,9
4009,8
4010,3
4011,3
4012,5
4013,7
4014,7
4015,5
4016,4
4017,8
4018,0
4019,6
4020,7
4021,2
4022,2
4023,9
4024,2
4025,7
4026,2
4027,0
4028,9
4029,1
4030,0
4031,8
4032,4
4033,9
4034,8
4035,0
4036,7
4037,4
4038,8
4039,0
4040,0
4041,7
4042,0
4043,7
4044,3
4045,7
4046,2
4047,5
4048,7
4049,2
4050,3
4051,3
4052,1
4053,7
4054,3
4055,7
4056,7
4057,9
4058,7
4059,1
4060,3
4061,9
4062,8
4063,8
4064,4
4065,9
4066,8
4067,3
4068,3
4069,6
4070,9
4071,1
4072,2
4073,2
4074,4
4075,0
4076,0
4077,4
4078,6
4079,5
4080,4
4081,0
4082,1
4083,1
4084,8
4085,2
4086,4
4087,9
4088,0
4089,8
4090,4
4091,6
4092,0
4093,4
4094,4
4095,9
4096,3
4097,2
4098,2
4099,9
4100,4
4101,4
4102,4
4103,5
4104,9
4105,1
4106,6
4107,7
4108,4
4109,7
4110,4
4111,4
4112,8
4113,8
4114,8
4115,6
4116,5
4117,9
4118,2
4119,8
4120,8
4121,8
4122,4
4123,4
4124,0
4125,3
4126,8
4127,8
4128,5
4129,3
4130,3
4131,0
4132,4
4133,2
4134,5
4135,0
4136,3
4137,0
4138,7
4139,4
4140,8
4141,5
4142,1
4143,4
4144,5
4145,1
4146,0
4147,2
4148,7
4149,0
4150,1
4151,9
4152,1
4153,9
4154,9
4155,3
4156,5
4157,6
4158,8
4159,1
4160,2
4161,1
4162,5
4163,9
4164,8
4165,3
4166,1
4167,2
4168,1
4169,8
4170,0
4171,3
4172,3
4173,4
4174,5
4175,6
4176,4
4177,1
4178,2
4179,6
4180,1
4181,0
4182,6
4183,5
4184,3
4185,9
4186,0
4187,0
4188,1
4189,6
4190,5
4191,9
4192,2
4193,9
4194,0
4195,1
4196,2
4197,4
4198,9
4199,2
4200,3
4201,3
4202,6
4203,7
4204,8
4205,1
4206,3
4207,7
4208,5
4209,2
4210,3
4211,9
4212,2
4213,4
4214,2
4215,2
4216,0
4217,3
4218,6
4219,7
4220,5
4221,1
4222,8
4223,2
4224,0
4225,8
4226,3
4227,5
4228,7
4229,5
4230,5
4231,3
4232,0
4233,4
4234,0
4235,6
4236,2
4237,4
4238,0
4239,6
4240,5
4241,8
4242,4
4243,9
4244,1
4245,7
4246,9
4247,2
4248,7
4249,9
4250,4
4251,3
4252,5
4253,0
4254,6
4255,0
4256,6
4257,4
4258,9
4259,8
4260,4
4261,7
4262,3
4263,3
4264,6
4265,3
4266,1
4267,1
4268,8
4269,7
4270,3
4271,2
4272,2
4273,9
4274,3
4275,7
4276,4
4277,2
4278,1
4279,8
4280,0
4281,0
4282,6
4283,1
4284,4
4285,6
4286,8
4287,1
4288,3
4289,9
4290,1
4291,2
4292,1
4293,2
4294,1
4295,0
4296,6
4297,0
4298,9
4299,7
4300,5
4301,6
4302,9
4303,9
4304,8
4305,2
4306,8
4307,8
4308,9
4309,6
4310,0
4311,3
4312,1
4313,1
4314,0
4315,9
4316,4
4317,9
4318,5
4319,8
4320,3
4321,8
4322,1
4323,0
4324,3
4325,0
4326,0
4327,7
4328,1
4329,8
4330,0
4331,0
4332,2
4333,9
4334,2
4335,1
4336,2
4337,4
4338,4
4339,8
4340,1
4341,1
4342,6
4343,8
4344,2
4345,6
4346,3
4347,7
4348,3
4349,4
4350,6
4351,1
4352,7
4353,7
4354,4
4355,1
4356,9
4357,7
4358,4
4359,1
4360,2
4361,2
4362,9
4363,1
4364,8
4365,1
4366,9
4367,1
4368,7
4369,3
4370,5
4371,7
4372,5
4373,3
4374,5
4375,8
4376,4
4377,7
4378,1
4379,6
4380,1
4381,7
4382,3
4383,1
4384,9
4385,4
4386,2
4387,9
4388,9
4389,2
4390,1
4391,7
4392,5
4393,0
4394,9
4395,0
4396,2
4397,1
4398,7
4399,1
4400,7
4401,9
4402,4
4403,6
4404,5
4405,0
4406,9
4407,7
4408,1
4409,9
4410,8
4411,3
4412,3
4413,9
4414,4
4415,0
4416,2
4417,1
4418,0
4419,3
4420,5
4421,2
4422,1
4423,6
4424,9
4425,9
4426,0
4427,2
4428,3
4429,4
4430,7
4431,0
4432,5
4433,6
4434,5
4435,7
4436,9
4437,9
4438,1
4439,7
4440,7
4441,0
4442,1
4443,7
4444,5
4445,2
4446,3
4447,5
4448,1
4449,8
4450,9
4451,4
4452,5
4453,3
4454,7
4455,6
4456,7
4457,1
4458,6
4459,3
4460,7
4461,4
4462,3
4463,7
4464,8
4465,2
4466,0
4467,4
4468,0
4469,8
4470,2
4471,5
4472,4
4473,3
4474,1
4475,8
4476,1
4477,6
4478,5
4479,5
4480,3
4481,4
4482,6
4483,0
4484,9
4485,4
4486,1
4487,7
4488,7
4489,8
4490,4
4491,3
4492,0
4493,6
4494,7
4495,9
4496,8
4497,3
4498,5
4499,3
4500,1
4501,7
4502,1
4503,5
4504,1
4505,0
4506,1
4507,7
4508,5
4509,1
4510,7
4511,0
4512,8
4513,8
4514,6
4515,8
4516,5
4517,3
4518,6
4519,3
4520,5
4521,8
4522,6
4523,5
4524,4
4525,5
4526,8
4527,5
4528,3
4529,8
4530,4
4531,5
4532,3
4533,1
4534,6
4535,2
4536,0
4537,5
4538,0
4539,5
4540,9
4541,9
4542,4
4543,1
4544,7
4545,2
4546,6
4547,7
4548,7
4549,4
4550,0
4551,5
4552,6
4553,6
4554,9
4555,8
4556,5
4557,6
4558,2
4559,2
4560,0
4561,2
4562,5
4563,8
4564,3
4565,3
4566,2
4567,1
4568,0
4569,5
4570,3
4571,3
4572,3
4573,3
4574,1
4575,4
4576,1
4577,4
4578,0
4579,8
4580,6
4581,6
4582,7
4583,9
4584,0
4585,8
4586,5
4587,6
4588,8
4589,4
4590,6
4591,5
4592,0
4593,6
4594,3
4595,1
4596,5
4597,7
4598,4
4599,6
4600,4
4601,3
4602,2
4603,6
4604,1
4605,6
4606,3
4607,6
4608,6
4609,3
4610,3
4611,1
4612,8
4613,3
4614,3
4615,8
4616,2
4617,9
4618,7
4619,1
4620,5
4621,9
4622,5
4623,5
4624,9
4625,8
4626,0
4627,2
4628,1
4629,8
4630,4
4631,3
4632,2
4633,6
4634,0
4635,9
4636,1
4637,3
4638,2
4639,5
4640,9
4641,4
4642,0
4643,2
4644,1
4645,7
4646,8
4647,2
4648,3
4649,3
4650,2
4651,9
4652,0
4653,3
4654,3
4655,8
4656,4
4657,2
4658,7
4659,6
4660,3
4661,9
4662,7
4663,2
4664,5
4665,9
4666,8
4667,2
4668,3
4669,0
4670,4
4671,4
4672,9
4673,7
4674,7
4675,2
4676,1
4677,1
4678,9
4679,8
4680,7
4681,7
4682,0
4683,8
4684,0
4685,8
4686,0
4687,3
4688,9
4689,6
4690,2
4691,3
4692,9
4693,5
4694,6
4695,7
4696,6
4697,0
4698,7
4699,8
4700,3
4701,7
4702,1
4703,7
4704,1
4705,6
4706,0
4707,1
4708,6
4709,1
4710,1
4711,2
4712,7
4713,9
4714,3
4715,5
4716,6
4717,2
4718,0
4719,9
4720,8
4721,5
4722,4
4723,3
4724,5
4725,4
4726,1
4727,7
4728,6
4729,0
4730,3
4731,9
4732,4
4733,3
4734,6
4735,4
4736,4
4737,1
4738,5
4739,4
4740,6
4741,7
4742,0
4743,6
4744,0
4745,4
4746,7
4747,2
4748,6
4749,7
4750,9
4751,8
4752,3
4753,4
4754,0
4755,2
4756,2
4757,4
4758,1
4759,6
4760,0
4761,9
4762,2
4763,5
4764,3
4765,9
4766,2
4767,7
4768,2
4769,5
4770,1
4771,4
4772,8
4773,0
4774,0
4775,8
4776,5
4777,6
4778,1
4779,1
4780,8
4781,0
4782,1
4783,3
4784,0
4785,0
4786,4
4787,2
4788,9
4789,4
4790,0
4791,2
4792,3
4793,5
4794,8
4795,4
4796,3
4797,8
4798,1
4799,1
4800,3
4801,1
4802,4
4803,8
4804,9
4805,6
4806,7
4807,4
4808,2
4809,3
4810,0
4811,1
4812,3
4813,6
4814,3
4815,0
4816,1
4817,2
4818,0
4819,2
4820,9
4821,8
4822,8
4823,1
4824,3
4825,6
4826,9
4827,9
4828,7
4829,2
4830,1
4831,7
4832,6
4833,1
4834,0
4835,0
4836,3
4837,4
4838,4
4839,2
4840,2
4841,1
4842,1
4843,5
4844,3
4845,8
4846,0
4847,3
4848,9
4849,1
4850,7
4851,4
4852,5
4853,3
4854,3
4855,4
4856,9
4857,4
4858,3
4859,2
4860,2
4861,7
4862,0
4863,0
4864,5
4865,4
4866,2
4867,1
4868,0
4869,5
4870,0
4871,9
4872,2
4873,6
4874,7
4875,8
4876,0
4877,2
4878,5
4879,0
4880,8
4881,0
4882,9
4883,9
4884,9
4885,0
4886,2
4887,4
4888,5
4889,9
4890,3
4891,6
4892,7
4893,9
4894,2
4895,2
4896,7
4897,9
4898,3
4899,1
4900,8
4901,7
4902,9
4903,7
4904,0
4905,1
4906,3
4907,3
4908,6
4909,6
4910,8
4911,2
4912,5
4913,7
4914,0
4915,9
4916,3
4917,2
4918,3
4919,2
4920,6
4921,3
4922,4
4923,7
4924,0
4925,3
4926,3
4927,0
4928,8
4929,1
4930,9
4931,9
4932,4
4933,0
4934,0
4935,4
4936,6
4937,0
4938,2
4939,3
4940,9
4941,4
4942,2
4943,5
4944,4
4945,3
4946,0
4947,9
4948,1
4949,5
4950,4
4951,9
4952,2
4953,1
4954,1
4955,6
4956,6
4957,8
4958,8
4959,5
4960,6
4961,5
4962,2
4963,7
4964,6
4965,4
4966,7
4967,1
4968,6
4969,5
4970,1
4971,9
4972,8
4973,6
4974,9
4975,9
4976,9
4977,0
4978,1
4979,1
4980,0
4981,2
4982,5
4983,0
4984,8
4985,0
4986,5
4987,2
4988,4
4989,1
4990,6
4991,6
4992,0
4993,5
4994,7
4995,0
4996,7
4997,0
4998,9
4999,7
5000,1
5001,0
5002,8
5003,2
5004,0
5005,6
5006,8
5007,6
5008,4
5009,0
5010,5
5011,2
5012,6
5013,3
5014,6
5015,8
5016,5
5017,6
5018,5
5019,5
5020,1
5021,1
5022,3
5023,0
5024,2
5025,5
5026,1
5027,4
5028,7
5029,2
5030,0
5031,5
5032,7
5033,5
5034,9
5035,1
5036,1
5037,6
5038,1
5039,2
5040,6
5041,4
5042,5
5043,5
5044,7
5045,6
5046,5
5047,3
5048,5
5049,3
5050,1
5051,7
5052,0
5053,7
5054,7
5055,7
5056,7
5057,7
5058,1
5059,2
5060,6
5061,5
5062,1
5063,3
5064,1
5065,3
5066,9
5067,3
5068,9
5069,4
5070,1
5071,1
5072,4
5073,5
5074,0
5075,9
5076,2
5077,4
5078,2
5079,2
5080,6
5081,8
5082,9
5083,1
5084,2
5085,1
5086,3
5087,7
5088,1
5089,9
5090,5
5091,1
5092,7
5093,3
5094,2
5095,6
5096,9
5097,8
5098,0
5099,4
5100,0
5101,9
5102,1
5103,3
5104,7
5105,3
5106,6
5107,8
5108,3
5109,2
5110,8
5111,6
5112,7
5113,1
5114,9
5115,4
5116,5
5117,7
5118,4
5119,9
5120,1
5121,2
5122,5
5123,5
5124,6
5125,8
5126,1
5127,6
5128,3
5129,2
5130,7
5131,5
5132,3
5133,5
5134,1
5135,5
5136,7
5137,1
5138,2
5139,0
5140,8
5141,5
5142,8
5143,8
5144,3
5145,6
5146,9
5147,5
5148,5
5149,2
5150,2
5151,8
5152,9
5153,0
5154,4
5155,6
5156,9
5157,9
5158,4
5159,0
5160,9
5161,9
5162,4
5163,8
5164,6
5165,9
5166,2
5167,4
5168,5
5169,3
5170,3
5171,4
5172,6
5173,9
5174,4
5175,8
5176,3
5177,7
5178,3
5179,9
5180,1
5181,1
5182,1
5183,8
5184,7
5185,0
5186,2
5187,2
5188,3
5189,9
5190,1
5191,8
5192,7
5193,2
5194,6
5195,1
5196,1
5197,4
5198,6
5199,3
5200,5
5201,5
5202,8
5203,9
5204,2
5205,7
5206,2
5207,7
5208,3
5209,9
5210,8
5211,1
5212,4
5213,8
5214,8
5215,2
5216,2
5217,0
5218,3
5219,7
5220,6
5221,4
5222,4
5223,1
5224,4
5225,8
5226,6
5227,7
5228,1
5229,6
5230,0
5231,0
5232,7
5233,1
5234,0
5235,7
5236,2
5237,0
5238,7
5239,7
5240,6
5241,1
5242,3
5243,6
5244,0
5245,7
5246,8
5247,8
5248,7
5249,2
5250,8
5251,4
5252,2
5253,9
5254,7
5255,8
5256,2
5257,3
5258,2
5259,5
5260,3
5261,6
5262,3
5263,1
5264,6
5265,3
5266,4
5267,8
5268,6
5269,4
5270,1
5271,6
5272,3
5273,7
5274,9
5275,9
5276,3
5277,2
5278,5
5279,3
5280,9
5281,0
5282,9
5283,9
5284,7
5285,6
5286,1
5287,7
5288,1
5289,0
5290,9
5291,5
5292,3
5293,6
5294,7
5295,4
5296,2
5297,5
5298,1
5299,1
5300,9
5301,0
5302,3
5303,2
5304,0
5305,9
5306,1
5307,6
5308,8
5309,3
5310,7
5311,1
5312,7
5313,0
5314,5
5315,2
5316,2
5317,4
5318,1
5319,1
5320,7
5321,0
5322,1
5323,6
5324,0
5325,1
5326,5
5327,6
5328,6
5329,3
5330,7
5331,4
5332,5
5333,6
5334,2
5335,7
5336,1
5337,6
5338,2
5339,6
5340,9
5341,5
5342,1
5343,4
5344,8
5345,4
5346,9
5347,5
5348,9
5349,3
5350,3
5351,6
5352,5
5353,5
5354,6
5355,4
5356,2
5357,2
5358,6
5359,3
5360,5
5361,3
5362,2
5363,7
5364,2
5365,7
5366,9
5367,2
5368,1
5369,5
5370,3
5371,9
5372,8
5373,2
5374,5
5375,6
5376,6
5377,6
5378,5
5379,7
5380,5
5381,6
5382,0
5383,2
5384,9
5385,1
5386,7
5387,3
5388,6
5389,5
5390,8
5391,6
5392,2
5393,3
5394,3
5395,2
5396,0
5397,2
5398,3
5399,9
5400,0
5401,7
5402,7
5403,9
5404,4
5405,7
5406,7
5407,9
5408,3
5409,6
5410,1
5411,7
5412,1
5413,7
5414,8
5415,9
5416,4
5417,3
5418,4
5419,2
5420,0
5421,8
5422,0
5423,4
5424,0
5425,8
5426,0
5427,2
5428,4
5429,3
5430,1
5431,8
5432,0
5433,2
5434,2
5435,5
5436,8
5437,8
5438,9
5439,7
5440,2
5441,9
5442,4
5443,4
5444,7
5445,5
5446,3
5447,9
5448,4
5449,9
5450,2
5451,6
5452,3
5453,4
5454,0
5455,9
5456,6
5457,4
5458,0
5459,3
5460,0
5461,1
5462,0
5463,3
5464,4
5465,6
5466,2
5467,7
5468,1
5469,1
5470,3
5471,5
5472,1
5473,9
5474,8
5475,0
5476,9
5477,0
5478,2
5479,7
5480,7
5481,2
5482,9
5483,3
5484,0
5485,6
5486,3
5487,1
5488,5
5489,5
5490,7
5491,5
5492,2
5493,6
5494,2
5495,9
5496,8
5497,4
5498,2
5499,4
5500,4
5501,7
5502,0
5503,3
5504,3
5505,9
5506,0
5507,3
5508,9
5509,2
5510,2
5511,1
5512,9
5513,6
5514,9
5515,3
5516,5
5517,0
5518,9
5519,1
5520,4
5521,8
5522,2
5523,8
5524,3
5525,1
5526,9
5527,9
5528,9
5529,6
5530,8
5531,2
5532,3
5533,0
5534,2
5535,1
5536,3
5537,1
5538,7
5539,0
5540,2
5541,5
5542,9
5543,4
5544,1
5545,7
5546,3
5547,6
5548,2
5549,3
5550,3
5551,7
5552,0
5553,8
5554,1
5555,2
5556,6
5557,7
5558,6
5559,7
5560,7
5561,0
5562,1
5563,9
5564,8
5565,7
5566,3
5567,8
5568,2
5569,8
5570,6
5571,8
5572,6
5573,9
5574,7
5575,9
5576,7
5577,0
5578,7
5579,9
5580,4
5581,6
5582,7
5583,9
5584,1
5585,3
5586,4
5587,6
5588,6
5589,9
5590,6
5591,2
5592,1
5593,2
5594,2
5595,2
5596,7
5597,2
5598,5
5599,2
5600,6
5601,1
5602,9
5603,4
5604,3
5605,6
5606,1
5607,2
5608,5
5609,0
5610,9
5611,1
5612,0
5613,6
5614,0
5615,5
5616,0
5617,0
5618,8
5619,3
5620,4
5621,7
5622,2
5623,4
5624,2
5625,6
5626,2
5627,0
5628,7
5629,7
5630,5
5631,8
5632,2
5633,3
5634,1
5635,5
5636,1
5637,7
5638,1
5639,9
5640,9
5641,8
5642,6
5643,1
5644,9
5645,1
5646,0
5647,9
5648,7
5649,9
5650,6
5651,1
5652,9
5653,4
5654,2
5655,1
5656,5
5657,2
5658,2
5659,4
5660,2
5661,2
5662,4
5663,4
5664,7
5665,8
5666,4
5667,0
5668,8
5669,7
5670,4
5671,0
5672,8
5673,3
5674,2
5675,3
5676,7
5677,1
5678,0
5679,2
5680,0
5681,4
5682,0
5683,4
5684,2
5685,3
5686,7
5687,4
5688,4
5689,2
5690,2
5691,2
5692,6
5693,1
5694,7
5695,4
5696,6
5697,5
5698,6
5699,1
5700,3
5701,1
5702,0
5703,8
5704,7
5705,8
5706,1
5707,0
5708,5
5709,4
5710,9
5711,8
5712,0
5713,8
5714,2
5715,8
5716,7
5717,0
5718,5
5719,0
5720,0
5721,3
5722,3
5723,2
5724,5
5725,3
5726,2
5727,5
5728,9
5729,0
5730,5
5731,1
5732,9
5733,0
5734,8
5735,8
5736,0
5737,3
5738,4
5739,9
5740,4
5741,4
5742,3
5743,3
5744,0
5745,2
5746,8
5747,7
5748,0
5749,2
5750,1
5751,9
5752,5
5753,8
5754,6
5755,0
5756,0
5757,2
5758,7
5759,8
5760,6
5761,8
5762,1
5763,6
5764,5
5765,0
5766,5
5767,1
5768,5
5769,1
5770,9
5771,7
5772,8
5773,4
5774,2
5775,8
5776,9
5777,4
5778,7
5779,0
5780,7
5781,0
5782,6
5783,9
5784,4
5785,4
5786,8
5787,5
5788,6
5789,0
5790,0
5791,6
5792,5
5793,6
5794,4
5795,1
5796,6
5797,7
5798,3
5799,0
5800,0
5801,4
5802,1
5803,9
5804,4
5805,1
5806,3
5807,0
5808,9
5809,7
5810,9
5811,8
5812,9
5813,8
5814,3
5815,4
5816,8
5817,7
5818,4
5819,9
5820,7
5821,8
5822,8
5823,5
5824,6
5825,3
5826,3
5827,3
5828,6
5829,4
5830,3
5831,1
5832,9
5833,1
5834,4
5835,1
5836,0
5837,1
5838,7
5839,9
5840,4
5841,7
5842,1
5843,2
5844,7
5845,5
5846,8
5847,8
5848,6
5849,0
5850,8
5851,8
5852,7
5853,5
5854,1
5855,6
5856,7
5857,9
5858,2
5859,2
5860,1
5861,5
5862,6
5863,1
5864,6
5865,3
5866,8
5867,4
5868,4
5869,0
5870,8
5871,7
5872,9
5873,4
5874,7
5875,6
5876,7
5877,3
5878,5
5879,8
5880,4
5881,6
5882,5
5883,3
5884,3
5885,1
5886,4
5887,2
5888,9
5889,4
5890,6
5891,1
5892,7
5893,7
5894,9
5895,7
5896,7
5897,9
5898,2
5899,5
5900,4
5901,6
5902,5
5903,7
5904,1
5905,6
5906,7
5907,7
5908,9
5909,3
5910,1
5911,5
5912,2
5913,8
5914,0
5915,6
5916,6
5917,9
5918,1
5919,6
5920,4
5921,1
5922,9
5923,5
5924,1
5925,3
5926,0
5927,4
5928,6
5929,0
5930,5
5931,7
5932,6
5933,9
5934,6
5935,0
5936,2
5937,5
5938,2
5939,3
5940,0
5941,9
5942,5
5943,2
5944,4
5945,6
5946,7
5947,6
5948,9
5949,9
5950,4
5951,0
5952,7
5953,4
5954,9
5955,7
5956,7
5957,8
5958,8
5959,2
5960,2
5961,8
5962,3
5963,2
5964,0
5965,4
5966,0
5967,0
5968,3
5969,7
5970,3
5971,0
5972,7
5973,2
5974,0
5975,8
5976,0
5977,9
5978,2
5979,6
5980,0
5981,0
5982,7
5983,6
5984,8
5985,5
5986,1
5987,7
5988,1
5989,2
5990,3
5991,1
5992,9
5993,4
5994,8
5995,2
5996,6
5997,7
5998,8
5999,7
6000,3
6001,5
6002,4
6003,4
6004,3
6005,3
6006,7
6007,6
6008,2
6009,2
6010,9
6011,1
6012,8
6013,3
6014,5
6015,5
6016,1
6017,9
6018,0
6019,9
6020,6
6021,5
6022,5
6023,0
6024,5
6025,3
6026,8
6027,3
6028,2
6029,1
6030,3
6031,2
6032,4
6033,7
6034,7
6035,0
6036,1
6037,5
6038,5
6039,3
6040,9
6041,9
6042,5
6043,6
6044,8
6045,2
6046,1
6047,4
6048,4
6049,7
6050,5
6051,2
6052,2
6053,1
6054,8
6055,6
6056,1
6057,2
6058,0
6059,2
6060,3
6061,7
6062,7
6063,5
6064,0
6065,2
6066,3
6067,3
6068,4
6069,9
6070,5
6071,6
6072,1
6073,1
6074,7
6075,4
6076,3
6077,5
6078,6
6079,3
6080,5
6081,1
6082,6
6083,9
6084,1
6085,4
6086,4
6087,1
6088,2
6089,0
6090,7
6091,5
6092,1
6093,9
6094,8
6095,8
6096,4
6097,0
6098,8
6099,1
6100,7
6101,6
6102,4
6103,0
6104,7
6105,7
6106,2
6107,7
6108,0
6109,0
6110,4
6111,0
6112,1
6113,3
6114,7
6115,5
6116,0
6117,2
6118,0
6119,6
6120,0
6121,1
6122,4
6123,2
6124,8
6125,2
6126,1
6127,7
6128,3
6129,0
6130,3
6131,1
6132,3
6133,1
6134,4
6135,6
6136,9
6137,9
6138,1
6139,3
6140,0
6141,6
6142,9
6143,5
6144,1
6145,2
6146,9
6147,3
6148,6
6149,8
6150,0
6151,6
6152,3
6153,7
6154,5
6155,9
6156,4
6157,9
6158,2
6159,6
6160,9
6161,5
6162,2
6163,5
6164,7
6165,3
6166,6
6167,0
6168,0
6169,1
6170,7
6171,1
6172,7
6173,3
6174,9
6175,9
6176,8
6177,4
6178,9
6179,9
6180,7
6181,3
6182,4
6183,8
6184,2
6185,1
6186,3
6187,7
6188,0
6189,0
6190,1
6191,1
6192,1
6193,7
6194,8
6195,1
6196,9
6197,2
6198,6
6199,3
6200,3
6201,3
6202,2
6203,7
6204,8
6205,4
6206,9
6207,2
6208,3
6209,9
6210,9
6211,7
6212,1
6213,4
6214,1
6215,6
6216,7
6217,0
6218,5
6219,9
6220,3
6221,4
6222,5
6223,6
6224,1
6225,9
6226,2
6227,9
6228,7
6229,0
6230,6
6231,9
6232,5
6233,4
6234,0
6235,9
6236,0
6237,6
6238,7
6239,8
6240,0
6241,3
6242,8
6243,3
6244,2
6245,7
6246,8
6247,3
6248,6
6249,8
6250,8
6251,9
6252,1
6253,2
6254,1
6255,6
6256,8
6257,8
6258,1
6259,0
6260,2
6261,4
6262,9
6263,2
6264,5
6265,0
6266,5
6267,8
6268,8
6269,4
6270,7
6271,3
6272,9
6273,0
6274,6
6275,9
6276,0
6277,9
6278,4
6279,3
6280,1
6281,4
6282,0
6283,2
6284,4
6285,6
6286,7
6287,1
6288,1
6289,0
6290,7
6291,8
6292,9
6293,7
6294,2
6295,1
6296,8
6297,6
6298,3
6299,1
6300,4
6301,3
6302,8
6303,8
6304,1
6305,4
6306,3
6307,8
6308,4
6309,1
6310,3
6311,1
6312,7
6313,2
6314,8
6315,6
6316,3
6317,1
6318,7
6319,2
6320,7
6321,2
6322,9
6323,6
6324,1
6325,9
6326,6
6327,0
6328,1
6329,2
6330,3
6331,8
6332,3
6333,5
6334,5
6335,2
6336,4
6337,7
6338,4
6339,6
6340,5
6341,1
6342,0
6343,4
6344,7
6345,2
6346,2
6347,3
6348,7
6349,1
6350,0
6351,4
6352,0
6353,0
6354,7
6355,6
6356,0
6357,4
6358,1
6359,6
6360,5
6361,7
6362,9
6363,1
6364,2
6365,0
6366,9
6367,7
6368,1
6369,9
6370,7
6371,7
6372,7
6373,5
6374,1
6375,6
6376,3
6377,5
6378,6
6379,9
6380,4
6381,3
6382,9
6383,4
6384,2
6385,5
6386,9
6387,0
6388,8
6389,0
6390,6
6391,2
6392,2
6393,5
6394,4
6395,7
6396,9
6397,4
6398,4
6399,4
6400,8
6401,0
6402,0
6403,0
6404,2
6405,6
6406,9
6407,7
6408,2
6409,4
6410,5
6411,1
6412,1
6413,9
6414,6
6415,6
6416,1
6417,0
6418,9
6419,7
6420,7
6421,1
6422,0
6423,4
6424,0
6425,7
6426,7
6427,9
6428,2
6429,1
6430,9
6431,3
6432,7
6433,7
6434,5
6435,9
6436,5
6437,3
6438,9
6439,2
6440,9
6441,3
6442,1
6443,0
6444,0
6445,5
6446,9
6447,8
6448,3
6449,6
6450,7
6451,9
6452,9
6453,3
6454,6
6455,9
6456,0
6457,0
6458,3
6459,0
6460,7
6461,4
6462,5
6463,0
6464,7
6465,6
6466,2
6467,5
6468,6
6469,9
6470,6
6471,6
6472,1
6473,7
6474,1
6475,4
6476,8
6477,1
6478,8
6479,6
6480,0
6481,2
6482,9
6483,4
6484,3
6485,4
6486,2
6487,2
6488,3
6489,7
6490,1
6491,8
6492,6
6493,4
6494,3
6495,2
6496,6
6497,1
6498,6
6499,7
6500,8
6501,4
6502,1
6503,1
6504,5
6505,6
6506,1
6507,5
6508,1
6509,9
6510,3
6511,4
6512,5
6513,5
6514,7
6515,5
6516,8
6517,1
6518,8
6519,2
6520,9
6521,7
6522,0
6523,3
6524,0
6525,8
6526,2
6527,2
6528,5
6529,4
6530,5
6531,7
6532,1
6533,8
6534,9
6535,3
6536,2
6537,4
6538,0
6539,4
6540,7
6541,7
6542,3
6543,3
6544,1
6545,8
6546,3
6547,8
6548,1
6549,8
6550,1
6551,2
6552,7
6553,9
6554,8
6555,0
6556,6
6557,7
6558,7
6559,7
6560,3
6561,6
6562,1
6563,6
6564,8
6565,5
6566,9
6567,2
6568,3
6569,7
6570,6
6571,9
6572,3
6573,8
6574,6
6575,8
6576,8
6577,6
6578,8
6579,4
6580,2
6581,1
6582,9
6583,5
6584,0
6585,9
6586,7
6587,3
6588,9
6589,2
6590,7
6591,0
6592,2
6593,0
6594,5
6595,3
6596,5
6597,5
6598,2
6599,8
6600,6
6601,0
6602,9
6603,6
6604,9
6605,6
6606,5
6607,0
6608,3
6609,2
6610,6
6611,4
6612,9
6613,2
6614,5
6615,2
6616,7
6617,4
6618,1
6619,0
6620,1
6621,4
6622,1
6623,4
6624,7
6625,4
6626,5
6627,6
6628,3
6629,3
6630,3
6631,6
6632,9
6633,7
6634,5
6635,9
6636,8
6637,5
6638,8
6639,6
6640,0
6641,2
6642,6
6643,9
6644,8
6645,8
6646,3
6647,6
6648,1
6649,1
6650,0
6651,9
6652,9
6653,3
6654,5
6655,7
6656,3
6657,7
6658,5
6659,4
6660,9
6661,6
6662,0
6663,6
6664,8
6665,0
6666,3
6667,9
6668,1
6669,3
6670,4
6671,3
6672,8
6673,7
6674,2
6675,9
6676,6
6677,8
6678,0
6679,2
6680,3
6681,9
6682,7
6683,4
6684,8
6685,5
6686,7
6687,1
6688,5
6689,0
6690,6
6691,7
6692,1
6693,3
6694,8
6695,0
6696,0
6697,0
6698,0
6699,0
6700,6
6701,1
6702,0
6703,1
6704,4
6705,7
6706,8
6707,0
6708,6
6709,7
6710,8
6711,3
6712,4
6713,3
6714,9
6715,9
6716,2
6717,5
6718,7
6719,9
6720,4
6721,5
6722,2
6723,1
6724,6
6725,9
6726,5
6727,9
6728,7
6729,4
6730,4
6731,2
6732,0
6733,6
6734,6
6735,8
6736,6
6737,0
6738,5
6739,5
6740,2
6741,4
6742,1
6743,5
6744,3
6745,2
6746,7
6747,3
6748,9
6749,9
6750,0
6751,9
6752,4
6753,6
6754,8
6755,8
6756,5
6757,0
6758,7
6759,1
6760,9
6761,1
6762,1
6763,3
6764,5
6765,0
6766,1
6767,9
6768,3
6769,4
6770,6
6771,7
6772,0
6773,9
6774,5
6775,1
6776,7
6777,1
6778,0
6779,6
6780,2
6781,2
6782,6
6783,1
6784,6
6785,3
6786,4
6787,1
6788,7
6789,0
6790,6
6791,3
6792,8
6793,5
6794,6
6795,3
6796,7
6797,6
6798,1
6799,8
6800,4
6801,7
6802,1
6803,2
6804,4
6805,2
6806,8
6807,2
6808,6
6809,9
6810,0
6811,2
6812,3
6813,3
6814,1
6815,1
6816,4
6817,4
6818,1
6819,8
6820,3
6821,4
6822,9
6823,4
6824,1
6825,7
6826,2
6827,7
6828,4
6829,6
6830,0
6831,9
6832,7
6833,8
6834,5
6835,1
6836,6
6837,3
6838,1
6839,9
6840,1
6841,0
6842,1
6843,2
6844,0
6845,6
6846,0
6847,7
6848,2
6849,9
6850,2
6851,2
6852,0
6853,2
6854,2
6855,9
6856,5
6857,7
6858,5
6859,1
6860,6
6861,5
6862,6
6863,8
6864,2
6865,5
6866,1
6867,4
6868,1
6869,7
6870,5
6871,1
6872,2
6873,6
6874,6
6875,3
6876,2
6877,8
6878,2
6879,4
6880,5
6881,5
6882,5
6883,7
6884,6
6885,0
6886,3
6887,1
6888,3
6889,2
6890,1
6891,1
6892,2
6893,7
6894,0
6895,0
6896,5
6897,7
6898,8
6899,1
6900,6
6901,6
6902,2
6903,9
6904,0
6905,0
6906,7
6907,7
6908,4
6909,8
6910,1
6911,4
6912,5
6913,2
6914,1
6915,4
6916,8
6917,4
6918,7
6919,3
6920,3
6921,8
6922,6
6923,5
6924,8
6925,8
6926,7
6927,3
6928,2
6929,5
6930,5
6931,4
6932,3
6933,7
6934,3
6935,6
6936,1
6937,2
6938,3
6939,8
6940,6
6941,2
6942,2
6943,4
6944,3
6945,3
6946,7
6947,3
6948,6
6949,7
6950,8
6951,2
6952,6
6953,3
6954,8
6955,4
6956,1
6957,6
6958,3
6959,2
6960,4
6961,2
6962,3
6963,4
6964,2
6965,1
6966,1
6967,7
6968,2
6969,9
6970,7
6971,0
6972,2
6973,0
6974,0
6975,6
6976,7
6977,5
6978,5
6979,8
6980,4
6981,1
6982,3
6983,7
6984,6
6985,0
6986,3
6987,3
6988,3
6989,8
6990,7
6991,1
6992,7
6993,4
6994,8
6995,9
6996,4
6997,7
6998,8
6999,1
7000,3
7001,7
7002,4
7003,3
7004,9
7005,2
7006,7
7007,4
7008,4
7009,1
7010,0
7011,3
7012,8
7013,1
7014,8
7015,8
7016,5
7017,5
7018,8
7019,1
7020,4
7021,6
7022,0
7023,1
7024,0
7025,6
7026,1
7027,1
7028,9
7029,0
7030,2
7031,0
7032,5
7033,8
7034,7
7035,6
7036,2
7037,8
7038,2
7039,2
7040,3
7041,8
7042,7
7043,3
7044,3
7045,3
7046,3
7047,6
7048,9
7049,6
7050,0
7051,7
7052,1
7053,7
7054,5
7055,5
7056,3
7057,1
7058,3
7059,3
7060,5
7061,2
7062,8
7063,4
7064,2
7065,8
7066,2
7067,9
7068,2
7069,8
7070,8
7071,1
7072,0
7073,9
7074,4
7075,3
7076,7
7077,4
7078,1
7079,7
7080,2
7081,7
7082,9
7083,3
7084,5
7085,9
7086,9
7087,2
7088,5
7089,4
7090,5
7091,2
7092,3
7093,2
7094,8
7095,3
7096,2
7097,9
7098,5
7099,3
7100,9
7101,3
7102,8
7103,1
7104,7
7105,5
7106,4
7107,1
7108,4
7109,4
7110,3
7111,2
7112,0
7113,3
7114,9
7115,3
7116,8
7117,2
7118,0
7119,8
7120,8
7121,1
7122,7
7123,0
7124,9
7125,0
7126,4
7127,1
7128,5
7129,4
7130,5
7131,0
7132,9
7133,7
7134,7
7135,6
7136,9
7137,6
7138,6
7139,4
7140,5
7141,0
7142,5
7143,9
7144,4
7145,7
7146,9
7147,2
7148,3
7149,4
7150,6
7151,3
7152,4
7153,0
7154,4
7155,6
7156,6
7157,6
7158,6
7159,2
7160,5
7161,5
7162,2
7163,2
7164,4
7165,1
7166,1
7167,9
7168,1
7169,7
7170,9
7171,3
7172,1
7173,3
7174,7
7175,1
7176,1
7177,1
7178,4
7179,4
7180,2
7181,8
7182,8
7183,0
7184,6
7185,1
7186,8
7187,4
7188,9
7189,7
7190,5
7191,1
7192,9
7193,2
7194,9
7195,7
7196,0
7197,0
7198,3
7199,9
7200,9
7201,2
7202,8
7203,2
7204,9
7205,0
7206,1
7207,6
7208,3
7209,6
7210,6
7211,0
7212,3
7213,8
7214,9
7215,5
7216,3
7217,5
7218,6
7219,6
7220,9
7221,0
7222,6
7223,4
7224,8
7225,8
7226,1
7227,8
7228,1
7229,6
7230,3
7231,1
7232,4
7233,7
7234,6
7235,1
7236,4
7237,9
7238,6
7239,6
7240,2
7241,3
7242,0
7243,6
7244,2
7245,3
7246,5
7247,9
7248,0
7249,1
7250,5
7251,7
7252,6
7253,4
7254,1
7255,5
7256,3
7257,3
7258,9
7259,8
7260,4
7261,7
7262,0
7263,6
7264,9
7265,2
7266,0
7267,8
7268,9
7269,7
7270,7
7271,6
7272,3
7273,5
7274,7
7275,0
7276,1
7277,0
7278,8
7279,1
7280,8
7281,4
7282,3
7283,3
7284,9
7285,5
7286,7
7287,7
7288,6
7289,7
7290,3
7291,7
7292,5
7293,4
7294,9
7295,6
7296,1
7297,9
7298,5
7299,1
7300,3
7301,9
7302,1
7303,8
7304,0
7305,8
7306,9
7307,1
7308,0
7309,9
7310,7
7311,1
7312,6
7313,1
7314,7
7315,7
7316,4
7317,5
7318,0
7319,4
7320,3
7321,5
7322,6
7323,2
7324,1
7325,1
7326,5
7327,1
7328,7
7329,4
7330,0
7331,0
7332,1
7333,3
7334,5
7335,5
7336,9
7337,1
7338,2
7339,7
7340,4
7341,0
7342,4
7343,6
7344,0
7345,4
7346,2
7347,4
7348,0
7349,3
7350,1
7351,9
7352,0
7353,2
7354,4
7355,9
7356,8
7357,5
7358,9
7359,2
7360,4
7361,0
7362,6
7363,0
7364,8
7365,4
7366,3
7367,6
7368,3
7369,2
7370,8
7371,5
7372,7
7373,4
7374,5
7375,6
7376,5
7377,8
7378,6
7379,5
7380,9
7381,4
7382,1
7383,3
7384,0
7385,9
7386,9
7387,7
7388,4
7389,2
7390,1
7391,5
7392,3
7393,5
7394,1
7395,4
7396,6
7397,5
7398,2
7399,2
7400,8
7401,8
7402,5
7403,7
7404,9
7405,5
7406,0
7407,5
7408,7
7409,5
7410,7
7411,9
7412,1
7413,1
7414,4
7415,5
7416,4
7417,9
7418,3
7419,7
7420,7
7421,9
7422,0
7423,0
7424,2
7425,8
7426,9
7427,8
7428,4
7429,4
7430,2
7431,4
7432,5
7433,4
7434,7
7435,5
7436,9
7437,7
7438,3
7439,1
7440,6
7441,8
7442,1
7443,0
7444,3
7445,4
7446,5
7447,1
7448,6
7449,8
7450,0
7451,3
7452,5
7453,2
7454,4
7455,2
7456,1
7457,7
7458,2
7459,5
7460,0
7461,2
7462,6
7463,6
7464,1
7465,5
7466,2
7467,4
7468,3
7469,0
7470,0
7471,0
7472,1
7473,7
7474,8
7475,2
7476,1
7477,4
7478,7
7479,8
7480,7
7481,7
7482,6
7483,9
7484,8
7485,0
7486,5
7487,1
7488,4
7489,7
7490,3
7491,0
7492,5
7493,4
7494,1
7495,3
7496,6
7497,3
7498,9
7499,5
7500,0
7501,8
7502,7
7503,3
7504,3
7505,6
7506,7
7507,2
7508,6
7509,5
7510,9
7511,3
7512,1
7513,7
7514,7
7515,1
7516,4
7517,7
7518,2
7519,2
7520,0
7521,8
7522,9
7523,5
7524,5
7525,2
7526,3
7527,7
7528,1
7529,2
7530,6
7531,2
7532,5
7533,8
7534,7
7535,5
7536,3
7537,2
7538,9
7539,0
7540,0
7541,1
7542,4
7543,8
7544,7
7545,6
7546,9
7547,4
7548,1
7549,1
7550,7
7551,3
7552,4
7553,7
7554,9
7555,4
7556,1
7557,1
7558,1
7559,7
7560,4
7561,2
7562,8
7563,6
7564,4
7565,8
7566,1
7567,8
7568,5
7569,4
7570,9
7571,4
7572,4
7573,3
7574,9
7575,4
7576,7
7577,1
7578,8
7579,8
7580,1
7581,8
7582,1
7583,1
7584,5
7585,8
7586,5
7587,0
7588,3
7589,6
7590,8
7591,0
7592,9
7593,0
7594,6
7595,0
7596,1
7597,1
7598,4
7599,7
7600,6
7601,0
7602,3
7603,9
7604,2
7605,3
7606,8
7607,2
7608,8
7609,7
7610,1
7611,5
7612,5
7613,1
7614,8
7615,8
7616,2
7617,4
7618,6
7619,6
7620,4
7621,9
7622,4
7623,0
7624,1
7625,9
7626,7
7627,2
7628,5
7629,7
7630,7
7631,5
7632,5
7633,9
7634,0
7635,4
7636,2
7637,4
7638,1
7639,4
7640,7
7641,8
7642,9
7643,5
7644,6
7645,6
7646,7
7647,4
7648,3
7649,3
7650,2
7651,2
7652,6
7653,9
7654,7
7655,8
7656,2
7657,7
7658,9
7659,6
7660,2
7661,5
7662,0
7663,8
7664,1
7665,1
7666,2
7667,7
7668,2
7669,3
7670,5
7671,0
7672,5
7673,4
7674,3
7675,6
7676,8
7677,3
7678,7
7679,3
7680,5
7681,7
7682,4
7683,0
7684,9
7685,4
7686,8
7687,8
7688,3
7689,1
7690,0
7691,4
7692,8
7693,5
7694,6
7695,4
7696,5
7697,0
7698,3
7699,4
7700,7
7701,3
7702,1
7703,6
7704,3
7705,6
7706,6
7707,1
7708,5
7709,8
7710,5
7711,4
7712,5
7713,2
7714,3
7715,8
7716,5
7717,1
7718,3
7719,7
7720,2
7721,5
7722,6
7723,5
7724,5
7725,7
7726,9
7727,1
7728,9
7729,1
7730,2
7731,0
7732,4
7733,2
7734,8
7735,8
7736,5
7737,1
7738,4
7739,5
7740,4
7741,3
7742,0
7743,3
7744,1
7745,1
7746,2
7747,7
7748,4
7749,1
7750,3
7751,6
7752,6
7753,4
7754,8
7755,4
7756,3
7757,1
7758,6
7759,9
7760,9
7761,8
7762,7
7763,9
7764,2
7765,1
7766,0
7767,8
7768,4
7769,5
7770,4
7771,3
7772,6
7773,1
7774,1
7775,8
7776,9
7777,1
7778,3
7779,4
7780,1
7781,3
7782,0
7783,5
7784,8
7785,5
7786,4
7787,0
7788,0
7789,0
7790,6
7791,5
7792,3
7793,9
7794,9
7795,7
7796,9
7797,5
7798,7
7799,5
7800,0
7801,1
7802,5
7803,3
7804,6
7805,2
7806,0
7807,9
7808,5
7809,5
7810,2
7811,7
7812,1
7813,9
7814,9
7815,8
7816,9
7817,6
7818,5
7819,0
7820,1
7821,8
7822,1
7823,1
7824,2
7825,9
7826,1
7827,2
7828,1
7829,1
7830,9
7831,3
7832,9
7833,6
7834,4
7835,0
7836,7
7837,1
7838,9
7839,8
7840,6
7841,6
7842,7
7843,4
7844,3
7845,3
7846,4
7847,2
7848,9
7849,1
7850,0
7851,5
7852,1
7853,9
7854,0
7855,6
7856,8
7857,7
7858,0
7859,9
7860,5
7861,3
7862,7
7863,9
7864,2
7865,0
7866,7
7867,2
7868,3
7869,5
7870,7
7871,0
7872,5
7873,1
7874,9
7875,2
7876,6
7877,2
7878,2
7879,8
7880,6
7881,0
7882,1
7883,8
7884,7
7885,3
7886,7
7887,8
7888,2
7889,1
7890,7
7891,8
7892,8
7893,4
7894,2
7895,3
7896,1
7897,9
7898,0
7899,7
7900,0
7901,2
7902,8
7903,7
7904,6
7905,0
7906,5
7907,5
7908,0
7909,4
7910,0
7911,8
7912,7
7913,8
7914,5
7915,6
7916,7
7917,7
7918,9
7919,1
7920,4
7921,6
7922,1
7923,0
7924,5
7925,4
7926,9
7927,1
7928,7
7929,2
7930,9
7931,8
7932,9
7933,9
7934,2
7935,8
7936,4
7937,3
7938,1
7939,2
7940,7
7941,9
7942,3
7943,7
7944,1
7945,5
7946,2
7947,3
7948,7
7949,1
7950,8
7951,6
7952,9
7953,4
7954,4
7955,2
7956,8
7957,5
7958,1
7959,6
7960,4
7961,7
7962,7
7963,7
7964,4
7965,4
7966,1
7967,2
7968,9
7969,0
7970,5
7971,2
7972,7
7973,1
7974,8
7975,6
7976,2
7977,1
7978,6
7979,4
7980,1
7981,2
7982,0
7983,7
7984,3
7985,5
7986,6
7987,4
7988,3
7989,6
7990,3
7991,8
7992,0
7993,5
7994,9
7995,7
7996,9
7997,4
7998,4
7999,9
8000,1
8001,5
8002,6
8003,7
8004,8
8005,2
8006,1
8007,4
8008,3
8009,3
8010,2
8011,0
8012,5
8013,2
8014,0
8015,2
8016,8
8017,3
8018,6
8019,3
8020,7
8021,7
8022,5
8023,3
8024,9
8025,6
8026,4
8027,5
8028,9
8029,2
8030,9
8031,2
8032,8
8033,0
8034,2
8035,3
8036,7
8037,1
8038,4
8039,0
8040,2
8041,6
8042,4
8043,7
8044,3
8045,6
8046,1
8047,0
8048,5
8049,9
8050,0
8051,9
8052,3
8053,1
8054,2
8055,4
8056,6
8057,2
8058,7
8059,7
8060,9
8061,3
8062,3
8063,1
8064,0
8065,0
8066,4
8067,2
8068,7
8069,8
8070,9
8071,7
8072,8
8073,3
8074,1
8075,9
8076,1
8077,2
8078,4
8079,2
8080,9
8081,8
8082,3
8083,1
8084,7
8085,4
8086,0
8087,1
8088,0
8089,9
8090,4
8091,3
8092,9
8093,4
8094,9
8095,7
8096,9
8097,8
8098,4
8099,0
8100,4
8101,8
8102,1
8103,4
8104,8
8105,9
8106,8
8107,0
8108,0
8109,9
8110,6
8111,5
8112,3
8113,1
8114,3
8115,2
8116,1
8117,8
8118,4
8119,0
8120,2
8121,2
8122,6
8123,5
8124,0
8125,2
8126,6
8127,3
8128,6
8129,8
8130,4
8131,7
8132,7
8133,5
8134,7
8135,7
8136,9
8137,5
8138,7
8139,2
8140,3
8141,7
8142,2
8143,8
8144,6
8145,5
8146,1
8147,9
8148,8
8149,2
8150,2
8151,6
8152,3
8153,6
8154,5
8155,4
8156,5
8157,0
8158,9
8159,7
8160,4
8161,0
8162,8
8163,9
8164,2
8165,9
8166,4
8167,1
8168,2
8169,7
8170,0
8171,1
8172,4
8173,2
8174,2
8175,8
8176,2
8177,4
8178,9
8179,8
8180,0
8181,1
8182,6
8183,4
8184,1
8185,1
8186,1
8187,9
8188,1
8189,7
8190,5
8191,0
8192,6
8193,3
8194,1
8195,9
8196,3
8197,4
8198,9
8199,2
8200,4
8201,8
8202,9
8203,4
8204,6
8205,2
8206,6
8207,5
8208,3
8209,5
8210,0
8211,8
8212,8
8213,0
8214,8
8215,1
8216,3
8217,9
8218,8
8219,9
8220,7
8221,0
8222,2
8223,9
8224,0
8225,3
8226,6
8227,4
8228,0
8229,3
8230,1
8231,9
8232,5
8233,4
8234,1
8235,3
8236,9
8237,7
8238,3
8239,0
8240,8
8241,7
8242,1
8243,8
8244,6
8245,0
8246,4
8247,3
8248,8
8249,9
8250,2
8251,2
8252,4
8253,3
8254,9
8255,5
8256,6
8257,0
8258,2
8259,7
8260,7
8261,0
8262,6
8263,3
8264,0
8265,5
8266,4
8267,3
8268,8
8269,7
8270,2
8271,2
8272,3
8273,8
8274,8
8275,1
8276,8
8277,9
8278,7
8279,4
8280,4
8281,7
8282,1
8283,2
8284,2
8285,2
8286,4
8287,8
8288,7
8289,6
8290,2
8291,3
8292,3
8293,3
8294,8
8295,4
8296,1
8297,4
8298,7
8299,6
8300,8
8301,5
8302,9
8303,2
8304,2
8305,2
8306,9
8307,1
8308,8
8309,5
8310,9
8311,1
8312,6
8313,4
8314,6
8315,8
8316,6
8317,8
8318,6
8319,2
8320,4
8321,7
8322,4
8323,9
8324,2
8325,8
8326,0
8327,7
8328,0
8329,0
8330,0
8331,1
8332,9
8333,8
8334,2
8335,4
8336,1
8337,7
8338,9
8339,4
8340,8
8341,8
8342,2
8343,7
8344,6
8345,1
8346,0
8347,3
8348,9
8349,1
8350,3
8351,6
8352,4
8353,1
8354,7
8355,5
8356,2
8357,7
8358,6
8359,1
8360,9
8361,5
8362,5
8363,7
8364,9
8365,7
8366,7
8367,1
8368,9
8369,4
8370,7
8371,8
8372,1
8373,3
8374,1
8375,3
8376,0
8377,7
8378,4
8379,5
8380,9
8381,7
8382,8
8383,0
8384,4
8385,6
8386,7
8387,4
8388,3
8389,9
8390,3
8391,0
8392,0
8393,3
8394,1
8395,9
8396,7
8397,9
8398,2
8399,1
8400,0
8401,9
8402,1
8403,6
8404,4
8405,5
8406,0
8407,0
8408,1
8409,7
8410,2
8411,0
8412,0
8413,8
8414,0
8415,4
8416,9
8417,9
8418,3
8419,8
8420,3
8421,6
8422,8
8423,4
8424,8
8425,5
8426,5
8427,0
8428,6
8429,5
8430,5
8431,6
8432,2
8433,3
8434,6
8435,0
8436,3
8437,3
8438,3
8439,9
8440,3
8441,6
8442,1
8443,1
8444,8
8445,1
8446,9
8447,9
8448,9
8449,5
8450,1
8451,8
8452,7
8453,4
8454,3
8455,3
8456,8
8457,6
8458,6
8459,5
8460,2
8461,1
8462,6
8463,6
8464,3
8465,7
8466,7
8467,7
8468,9
8469,7
8470,9
8471,4
8472,0
8473,4
8474,2
8475,3
8476,5
8477,4
8478,8
8479,2
8480,3
8481,2
8482,9
8483,4
8484,5
8485,6
8486,1
8487,5
8488,9
8489,1
8490,4
8491,0
8492,7
8493,3
8494,9
8495,5
8496,0
8497,2
8498,0
8499,6
8500,8
8501,4
8502,7
8503,3
8504,4
8505,6
8506,3
8507,2
8508,5
8509,7
8510,3
8511,3
8512,8
8513,9
8514,6
8515,0
8516,6
8517,3
8518,3
8519,6
8520,7
8521,1
8522,2
8523,1
8524,1
8525,7
8526,4
8527,1
8528,6
8529,9
8530,1
8531,9
8532,3
8533,6
8534,9
8535,2
8536,0
8537,1
8538,8
8539,7
8540,5
8541,1
8542,6
8543,7
8544,2
8545,4
8546,5
8547,6
8548,7
8549,7
8550,3
8551,3
8552,6
8553,6
8554,7
8555,5
8556,8
8557,5
8558,7
8559,5
8560,0
8561,3
8562,3
8563,3
8564,9
8565,4
8566,5
8567,7
8568,6
8569,7
8570,7
8571,6
8572,9
8573,5
8574,9
8575,8
8576,4
8577,3
8578,1
8579,1
8580,2
8581,3
8582,0
8583,0
8584,8
8585,7
8586,6
8587,5
8588,2
8589,4
8590,4
8591,9
8592,2
8593,2
8594,2
8595,7
8596,8
8597,8
8598,8
8599,1
8600,6
8601,8
8602,0
8603,8
8604,8
8605,9
8606,0
8607,2
8608,0
8609,1
8610,2
8611,2
8612,1
8613,4
8614,6
8615,6
8616,7
8617,3
8618,0
8619,3
8620,4
8621,6
8622,8
8623,5
8624,6
8625,9
8626,9
8627,4
8628,4
8629,3
8630,3
8631,1
8632,2
8633,8
8634,0
8635,5
8636,3
8637,0
8638,0
8639,9
8640,1
8641,4
8642,3
8643,0
8644,7
8645,5
8646,1
8647,0
8648,0
8649,4
8650,0
8651,4
8652,0
8653,0
8654,5
8655,3
8656,1
8657,4
8658,1
8659,0
8660,0
8661,7
8662,7
8663,7
8664,9
8665,0
8666,5
8667,6
8668,6
8669,5
8670,5
8671,3
8672,3
8673,1
8674,8
8675,1
8676,0
8677,4
8678,4
8679,3
8680,8
8681,3
8682,2
8683,9
8684,7
8685,9
8686,0
8687,5
8688,6
8689,2
8690,5
8691,8
8692,6
8693,8
8694,0
8695,0
8696,8
8697,0
8698,4
8699,4
8700,6
8701,9
8702,9
8703,9
8704,9
8705,2
8706,7
8707,2
8708,3
8709,2
8710,3
8711,3
8712,6
8713,3
8714,8
8715,3
8716,9
8717,5
8718,7
8719,7
8720,1
8721,6
8722,7
8723,1
8724,7
8725,0
8726,0
8727,4
8728,1
8729,9
8730,2
8731,4
8732,4
8733,6
8734,1
8735,3
8736,1
8737,5
8738,7
8739,6
8740,6
8741,8
8742,7
8743,7
8744,8
8745,9
8746,7
8747,8
8748,1
8749,5
8750,7
8751,5
8752,1
8753,9
8754,0
8755,2
8756,5
8757,7
8758,9
8759,9
8760,7
8761,6
8762,5
8763,7
8764,5
8765,5
8766,6
8767,1
8768,8
8769,1
8770,2
8771,1
8772,5
8773,8
8774,8
8775,7
8776,5
8777,0
8778,4
8779,2
8780,2
8781,0
8782,7
8783,9
8784,0
8785,2
8786,1
8787,9
8788,6
8789,4
8790,9
8791,5
8792,4
8793,9
8794,1
8795,9
8796,7
8797,4
8798,4
8799,7
8800,2
8801,1
8802,9
8803,1
8804,2
8805,4
8806,7
8807,5
8808,5
8809,3
8810,1
8811,2
8812,9
8813,0
8814,4
8815,4
8816,0
8817,9
8818,9
8819,6
8820,8
8821,3
8822,7
8823,6
8824,4
8825,2
8826,6
8827,8
8828,7
8829,4
8830,6
8831,6
8832,3
8833,6
8834,2
8835,6
8836,7
8837,0
8838,7
8839,8
8840,2
8841,9
8842,1
8843,0
8844,6
8845,1
8846,1
8847,5
8848,9
8849,6
8850,5
8851,1
8852,6
8853,8
8854,1
8855,1
8856,2
8857,0
8858,1
8859,4
8860,4
8861,6
8862,3
8863,0
8864,9
8865,2
8866,9
8867,9
8868,2
8869,4
8870,1
8871,0
8872,7
8873,1
8874,6
8875,5
8876,3
8877,7
8878,9
8879,6
8880,6
8881,7
8882,3
8883,4
8884,5
8885,3
8886,8
8887,3
8888,8
8889,7
8890,5
8891,3
8892,9
8893,2
8894,0
8895,1
8896,7
8897,4
8898,6
8899,7
8900,9
8901,1
8902,1
8903,4
8904,8
8905,0
8906,2
8907,3
8908,0
8909,0
8910,7
8911,6
8912,8
8913,6
8914,3
8915,4
8916,2
8917,0
8918,0
8919,4
8920,5
8921,3
8922,0
8923,7
8924,1
8925,1
8926,7
8927,9
8928,9
8929,3
8930,5
8931,8
8932,3
8933,4
8934,7
8935,9
8936,3
8937,7
8938,1
8939,5
8940,1
8941,2
8942,9
8943,4
8944,3
8945,2
8946,7
8947,3
8948,5
8949,6
8950,7
8951,4
8952,7
8953,8
8954,0
8955,8
8956,2
8957,5
8958,2
8959,4
8960,1
8961,4
8962,4
8963,0
8964,4
8965,4
8966,8
8967,2
8968,6
8969,9
8970,2
8971,9
8972,8
8973,9
8974,2
8975,0
8976,0
8977,3
8978,8
8979,7
8980,6
8981,3
8982,1
8983,3
8984,8
8985,2
8986,5
8987,5
8988,4
8989,7
8990,4
8991,8
8992,6
8993,2
8994,9
8995,9
8996,7
8997,5
8998,1
8999,2
9000,9
9001,8
9002,5
9003,4
9004,1
9005,3
9006,1
9007,8
9008,8
9009,3
9010,3
9011,0
9012,9
9013,8
9014,1
9015,9
9016,7
9017,6
9018,2
9019,4
9020,0
9021,1
9022,3
9023,2
9024,9
9025,8
9026,3
9027,3
9028,0
9029,1
9030,8
9031,7
9032,4
9033,1
9034,7
9035,5
9036,7
9037,4
9038,1
9039,2
9040,4
9041,5
9042,7
9043,8
9044,8
9045,8
9046,6
9047,0
9048,6
9049,7
9050,4
9051,6
9052,4
9053,3
9054,1
9055,3
9056,2
9057,3
9058,5
9059,8
9060,8
9061,7
9062,5
9063,5
9064,9
9065,7
9066,0
9067,9
9068,4
9069,3
9070,0
9071,2
9072,6
9073,2
9074,0
9075,0
9076,0
9077,4
9078,1
9079,5
9080,5
9081,2
9082,5
9083,1
9084,2
9085,2
9086,2
9087,6
9088,9
9089,0
9090,1
9091,2
9092,9
9093,3
9094,9
9095,2
9096,5
9097,2
9098,2
9099,1
9100,5
9101,8
9102,4
9103,5
9104,6
9105,1
9106,2
9107,5
9108,2
9109,6
9110,8
9111,2
9112,4
9113,9
9114,9
9115,3
9116,8
9117,8
9118,6
9119,5
9120,6
9121,1
9122,0
9123,0
9124,1
9125,0
9126,8
9127,9
9128,4
9129,5
9130,9
9131,8
9132,4
9133,0
9134,2
9135,8
9136,5
9137,9
9138,5
9139,9
9140,0
9141,2
9142,2
9143,8
9144,8
9145,2
9146,3
9147,1
9148,0
9149,2
9150,5
9151,2
9152,9
9153,1
9154,3
9155,9
9156,8
9157,4
9158,5
9159,8
9160,7
9161,8
9162,8
9163,7
9164,8
9165,9
9166,8
9167,3
9168,4
9169,8
9170,7
9171,0
9172,7
9173,9
9174,5
9175,4
9176,2
9177,5
9178,7
9179,6
9180,9
9181,4
9182,7
9183,0
9184,2
9185,8
9186,4
9187,3
9188,5
9189,8
9190,8
9191,9
9192,4
9193,4
9194,9
9195,7
9196,6
9197,6
9198,4
9199,0
9200,1
9201,1
9202,1
9203,2
9204,8
9205,2
9206,1
9207,1
9208,5
9209,6
9210,7
9211,2
9212,3
9213,0
9214,5
9215,3
9216,6
9217,2
9218,6
9219,7
9220,2
9221,8
9222,9
9223,7
9224,0
9225,0
9226,8
9227,2
9228,0
9229,4
9230,9
9231,8
9232,0
9233,3
9234,7
9235,0
9236,5
9237,4
9238,0
9239,2
9240,2
9241,3
9242,0
9243,9
9244,1
9245,7
9246,2
9247,0
9248,8
9249,5
9250,7
9251,0
9252,7
9253,8
9254,9
9255,0
9256,3
9257,4
9258,9
9259,7
9260,8
9261,9
9262,5
9263,1
9264,7
9265,5
9266,2
9267,6
9268,7
9269,3
9270,8
9271,8
9272,9
9273,2
9274,4
9275,3
9276,9
9277,8
9278,3
9279,8
9280,9
9281,2
9282,2
9283,4
9284,6
9285,8
9286,6
9287,2
9288,9
9289,2
9290,7
9291,9
9292,7
9293,5
9294,1
9295,9
9296,4
9297,8
9298,0
9299,2
9300,1
9301,0
9302,0
9303,0
9304,8
9305,9
9306,3
9307,1
9308,3
9309,1
9310,2
9311,8
9312,7
9313,1
9314,0
9315,2
9316,4
9317,7
9318,7
9319,5
9320,3
9321,2
9322,8
9323,6
9324,6
9325,7
9326,3
9327,9
9328,6
9329,7
9330,6
9331,9
9332,6
9333,3
9334,4
9335,4
9336,1
9337,6
9338,7
9339,5
9340,3
9341,2
9342,1
9343,8
9344,0
9345,1
9346,4
9347,3
9348,3
9349,3
9350,0
9351,1
9352,7
9353,7
9354,0
9355,7
9356,9
9357,7
9358,1
9359,7
9360,5
9361,4
9362,2
9363,6
9364,3
9365,9
9366,2
9367,7
9368,1
9369,1
9370,7
9371,6
9372,2
9373,9
9374,9
9375,6
9376,7
9377,9
9378,6
9379,7
9380,7
9381,8
9382,2
9383,1
9384,3
9385,6
9386,0
9387,2
9388,2
9389,4
9390,0
9391,8
9392,7
9393,2
9394,4
9395,4
9396,7
9397,3
9398,6
9399,9
9400,0
9401,3
9402,8
9403,1
9404,4
9405,3
9406,6
9407,5
9408,4
9409,6
9410,1
9411,2
9412,6
9413,1
9414,2
9415,6
9416,6
9417,0
9418,3
9419,2
9420,1
9421,5
9422,6
9423,3
9424,9
9425,3
9426,1
9427,9
9428,4
9429,8
9430,7
9431,1
9432,7
9433,6
9434,7
9435,4
9436,1
9437,6
9438,9
9439,9
9440,5
9441,1
9442,1
9443,9
9444,4
9445,1
9446,9
9447,5
9448,5
9449,5
9450,3
9451,5
9452,7
9453,4
9454,9
9455,0
9456,3
9457,9
9458,4
9459,0
9460,4
9461,4
9462,0
9463,2
9464,7
9465,8
9466,1
9467,4
9468,0
9469,5
9470,0
9471,3
9472,7
9473,8
9474,2
9475,1
9476,7
9477,4
9478,7
9479,4
9480,1
9481,7
9482,6
9483,1
9484,0
9485,5
9486,0
9487,7
9488,6
9489,6
9490,9
9491,4
9492,0
9493,1
9494,4
9495,9
9496,3
9497,2
9498,8
9499,9
9500,2
9501,0
9502,0
9503,5
9504,8
9505,0
9506,9
9507,1
9508,3
9509,3
9510,2
9511,6
9512,4
9513,9
9514,4
9515,0
9516,8
9517,1
9518,5
9519,1
9520,3
9521,8
9522,5
9523,8
9524,0
9525,8
9526,1
9527,1
9528,3
9529,3
9530,4
9531,9
9532,4
9533,3
9534,2
9535,6
9536,6
9537,3
9538,4
9539,3
9540,2
9541,8
9542,8
9543,0
9544,9
9545,3
9546,6
9547,8
9548,6
9549,1
9550,7
9551,9
9552,9
9553,8
9554,2
9555,5
9556,3
9557,0
9558,8
9559,3
9560,9
9561,1
9562,1
9563,4
9564,3
9565,4
9566,9
9567,7
9568,0
9569,6
9570,8
9571,5
9572,0
9573,1
9574,3
9575,0
9576,7
9577,2
9578,4
9579,8
9580,3
9581,1
9582,3
9583,1
9584,7
9585,4
9586,6
9587,4
9588,9
9589,1
9590,7
9591,7
9592,2
9593,1
9594,5
9595,6
9596,1
9597,1
9598,0
9599,4
9600,3
9601,5
9602,4
9603,2
9604,2
9605,1
9606,6
9607,6
9608,0
9609,3
9610,8
9611,8
9612,4
9613,7
9614,6
9615,9
9616,4
9617,2
9618,4
9619,1
9620,3
9621,1
9622,7
9623,2
9624,9
9625,1
9626,2
9627,5
9628,0
9629,8
9630,0
9631,2
9632,7
9633,1
9634,1
9635,6
9636,3
9637,2
9638,6
9639,4
9640,8
9641,9
9642,8
9643,1
9644,8
9645,4
9646,8
9647,3
9648,3
9649,5
9650,6
9651,4
9652,0
9653,0
9654,9
9655,4
9656,4
9657,6
9658,8
9659,8
9660,4
9661,7
9662,1
9663,4
9664,7
9665,8
9666,7
9667,2
9668,6
9669,1
9670,1
9671,6
9672,5
9673,7
9674,3
9675,9
9676,8
9677,0
9678,5
9679,6
9680,4
9681,1
9682,3
9683,6
9684,4
9685,3
9686,4
9687,7
9688,3
9689,7
9690,5
9691,2
9692,9
9693,0
9694,2
9695,2
9696,4
9697,9
9698,8
9699,6
9700,3
9701,4
9702,5
9703,7
9704,5
9705,1
9706,4
9707,6
9708,7
9709,9
9710,4
9711,6
9712,0
9713,8
9714,3
9715,9
9716,7
9717,4
9718,0
9719,8
9720,2
9721,0
9722,2
9723,1
9724,6
9725,7
9726,6
9727,3
9728,1
9729,6
9730,3
9731,5
9732,6
9733,5
9734,0
9735,9
9736,8
9737,0
9738,7
9739,1
9740,0
9741,1
9742,7
9743,5
9744,0
9745,7
9746,1
9747,4
9748,1
9749,0
9750,3
9751,1
9752,1
9753,1
9754,6
9755,8
9756,6
9757,1
9758,6
9759,2
9760,1
9761,8
9762,8
9763,0
9764,6
9765,4
9766,8
9767,7
9768,4
9769,8
9770,4
9771,0
9772,2
9773,0
9774,6
9775,7
9776,8
9777,7
9778,5
9779,3
9780,2
9781,0
9782,3
9783,1
9784,9
9785,7
9786,4
9787,2
9788,4
9789,9
9790,6
9791,6
9792,2
9793,8
9794,6
9795,6
9796,9
9797,4
9798,0
9799,7
9800,7
9801,7
9802,0
9803,6
9804,8
9805,2
9806,2
9807,3
9808,1
9809,6
9810,2
9811,8
9812,7
9813,5
9814,6
9815,6
9816,7
9817,6
9818,7
9819,7
9820,9
9821,3
9822,1
9823,8
9824,2
9825,0
9826,2
9827,8
9828,0
9829,2
9830,3
9831,7
9832,8
9833,8
9834,9
9835,1
9836,4
9837,4
9838,3
9839,1
9840,6
9841,7
9842,5
9843,1
9844,8
9845,8
9846,7
9847,2
9848,4
9849,8
9850,3
9851,8
9852,2
9853,7
9854,1
9855,8
9856,2
9857,5
9858,9
9859,5
9860,1
9861,3
9862,3
9863,5
9864,5
9865,9
9866,7
9867,9
9868,5
9869,1
9870,7
9871,3
9872,1
9873,6
9874,8
9875,6
9876,7
9877,1
9878,0
9879,3
9880,2
9881,9
9882,9
9883,1
9884,2
9885,8
9886,0
9887,4
9888,8
9889,0
9890,1
9891,0
9892,3
9893,1
9894,6
9895,2
9896,8
9897,9
9898,1
9899,3
9900,8
9901,9
9902,8
9903,4
9904,4
9905,4
9906,1
9907,4
9908,1
9909,7
9910,1
9911,9
9912,9
9913,6
9914,2
9915,9
9916,9
9917,8
9918,4
9919,1
9920,6
9921,7
9922,5
9923,2
9924,5
9925,1
9926,6
9927,0
9928,8
9929,3
9930,8
9931,4
9932,8
9933,4
9934,3
9935,9
9936,1
9937,1
9938,6
9939,9
9940,6
9941,0
9942,1
9943,8
9944,4
9945,5
9946,2
9947,3
9948,4
9949,6
9950,2
9951,6
9952,1
9953,7
9954,1
9955,4
9956,4
9957,4
9958,3
9959,6
9960,8
9961,7
9962,4
9963,3
9964,0
9965,9
9966,3
9967,0
9968,9
9969,6
9970,8
9971,1
9972,1
9973,6
9974,4
9975,8
9976,6
9977,0
9978,6
9979,3
9980,6
9981,7
9982,5
9983,5
9984,1
9985,6
9986,5
9987,9
9988,1
9989,2
9990,7
9991,1
9992,3
9993,6
9994,2
9995,7
9996,9
9997,1
9998,1
9999,1
